{"logTime": "0929/170725", "level": "INFO", "message": "UserPrefStore loaded: error=NO_FILE (6)"}
{"logTime": "0929/170725", "level": "INFO", "message": "Preference changed: name=edge_vpn.enabled_globally, new_value=true, source=unknown"}
{"logTime": "0929/170725", "level": "INFO", "message": "Preference changed: name=edge_vpn.available, new_value=true, source=unknown"}
{"logTime": "0929/170725", "level": "INFO", "message": "Preference changed: name=profile_network_context_service.http_cache_finch_experiment_groups, new_value=\"None None None None\", source=unknown"}
{"logTime": "0929/170725", "level": "INFO", "message": "Preference changed: name=enterprise_profile_guid, new_value=\"f8fd5367-80eb-4e91-b5f1-c366571c9b35\", source=unknown"}
{"logTime": "0929/170725", "level": "INFO", "message": "Preference changed: name=extensions.last_chrome_version, new_value=\"154.0.4258.37\", source=unknown"}
{"logTime": "0929/170725", "level": "INFO", "message": "Preference changed: name=gaia_cookie.periodic_report_time_2, new_value=\"13435175245951674\", source=unknown"}
{"logTime": "0929/170725", "level": "INFO", "message": "Preference changed: name=optimization_guide.previously_registered_optimization_types, new_value=[object], source=unknown"}
{"logTime": "0929/170725", "level": "INFO", "message": "Preference changed: name=user_experience_metrics.personalization_data_consent_enabled_last_known_value, new_value=false, source=unknown"}
{"logTime": "0929/170725", "level": "INFO", "message": "Preference changed: name=profile.background_password_check, new_value=[object], source=unknown"}
{"logTime": "0929/170725", "level": "INFO", "message": "Preference changed: name=countryid_at_install, new_value=18766, source=unknown"}
{"logTime": "0929/170725", "level": "INFO", "message": "Preference changed: name=reset_prepopulated_engines, new_value=false, source=unknown"}
{"logTime": "0929/170725", "level": "INFO", "message": "Preference changed: name=extensions.chrome_url_overrides, new_value=[object], source=unknown"}
{"logTime": "0929/170725", "level": "INFO", "message": "Preference changed: name=browser.recent_theme_color_list, new_value=[object], source=unknown"}
{"logTime": "0929/170725", "level": "INFO", "message": "Preference changed: name=browser.color_theme_user_on_first_check, new_value=false, source=unknown"}
{"logTime": "0929/170725", "level": "INFO", "message": "Preference changed: name=sessions.session_data_status, new_value=1, source=unknown"}
{"logTime": "0929/170725", "level": "INFO", "message": "Preference changed: name=sessions.event_log, new_value=[object], source=unknown"}
{"logTime": "0929/170725", "level": "INFO", "message": "Preference changed: name=optimization_guide.previously_registered_optimization_types, new_value=[object], source=unknown"}
{"logTime": "0929/170725", "level": "INFO", "message": "Preference changed: name=optimization_guide.previously_registered_optimization_types, new_value=[object], source=unknown"}
{"logTime": "0929/170725", "level": "INFO", "message": "Preference changed: name=optimization_guide.previously_registered_optimization_types, new_value=[object], source=unknown"}
{"logTime": "0929/170725", "level": "INFO", "message": "Preference changed: name=saved_tab_groups.did_enable_shared_tab_groups_in_last_session, new_value=false, source=unknown"}
{"logTime": "0929/170725", "level": "INFO", "message": "Preference changed: name=optimization_guide.previously_registered_optimization_types, new_value=[object], source=unknown"}
{"logTime": "0929/170725", "level": "INFO", "message": "Preference changed: name=optimization_guide.previously_registered_optimization_types, new_value=[object], source=unknown"}
{"logTime": "0929/170725", "level": "INFO", "message": "Preference changed: name=safety_hub.unused_site_permissions_revocation.migration_completed, new_value=true, source=unknown"}
{"logTime": "0929/170725", "level": "INFO", "message": "Preference changed: name=profile.created_by_version, new_value=\"154.0.4258.37\", source=unknown"}
{"logTime": "0929/170725", "level": "INFO", "message": "Preference changed: name=profile.creation_time, new_value=\"13435175245867786\", source=unknown"}
{"logTime": "0929/170725", "level": "INFO", "message": "Preference changed: name=profile.edge_profile_id, new_value=\"36f2a712-8176-4529-a746-c60e767a8706\", source=unknown"}
{"logTime": "0929/170725", "level": "INFO", "message": "Preference changed: name=edge_ux_config.assignmentcontext, new_value=\"\", source=unknown"}
{"logTime": "0929/170725", "level": "INFO", "message": "Preference changed: name=edge_ux_config.dataversion, new_value=\"0\", source=unknown"}
{"logTime": "0929/170725", "level": "INFO", "message": "Preference changed: name=edge_ux_config.experimentvariables, new_value=[object], source=unknown"}
{"logTime": "0929/170725", "level": "INFO", "message": "Preference changed: name=browser.user_level_features_context, new_value=[object], source=unknown"}
{"logTime": "0929/170725", "level": "INFO", "message": "Preference changed: name=edge_ux_config.flights, new_value=[object], source=unknown"}
{"logTime": "0929/170725", "level": "INFO", "message": "Preference changed: name=profile.network_pbs, new_value=[object], source=unknown"}
{"logTime": "0929/170725", "level": "INFO", "message": "Preference changed: name=extensions.alerts.initialized, new_value=true, source=unknown"}
{"logTime": "0929/170725", "level": "INFO", "message": "Preference changed: name=extensions.pdf_upsell_triggered, new_value=false, source=unknown"}
{"logTime": "0929/170725", "level": "INFO", "message": "Preference changed: name=extensions.settings, new_value=[object], source=unknown"}
{"logTime": "0929/170725", "level": "INFO", "message": "Preference changed: name=extensions.settings, new_value=[object], source=unknown"}
{"logTime": "0929/170725", "level": "INFO", "message": "Preference changed: name=extensions.settings, new_value=[object], source=unknown"}
{"logTime": "0929/170725", "level": "INFO", "message": "Preference changed: name=extensions.settings, new_value=[object], source=unknown"}
{"logTime": "0929/170725", "level": "INFO", "message": "Preference changed: name=extensions.settings, new_value=[object], source=unknown"}
{"logTime": "0929/170725", "level": "INFO", "message": "Preference changed: name=extensions.settings, new_value=[object], source=unknown"}
{"logTime": "0929/170725", "level": "INFO", "message": "Preference changed: name=extensions.settings, new_value=[object], source=unknown"}
{"logTime": "0929/170725", "level": "INFO", "message": "Preference changed: name=extensions.settings, new_value=[object], source=unknown"}
{"logTime": "0929/170725", "level": "INFO", "message": "Preference changed: name=extensions.settings, new_value=[object], source=unknown"}
{"logTime": "0929/170725", "level": "INFO", "message": "Preference changed: name=extensions.settings, new_value=[object], source=unknown"}
{"logTime": "0929/170725", "level": "INFO", "message": "Preference changed: name=extensions.settings, new_value=[object], source=unknown"}
{"logTime": "0929/170725", "level": "INFO", "message": "Preference changed: name=extensions.settings, new_value=[object], source=unknown"}
{"logTime": "0929/170725", "level": "INFO", "message": "Preference changed: name=extensions.settings, new_value=[object], source=unknown"}
{"logTime": "0929/170725", "level": "INFO", "message": "Preference changed: name=extensions.settings, new_value=[object], source=unknown"}
{"logTime": "0929/170725", "level": "INFO", "message": "Preference changed: name=extensions.settings, new_value=[object], source=unknown"}
{"logTime": "0929/170725", "level": "INFO", "message": "Preference changed: name=extensions.settings, new_value=[object], source=unknown"}
{"logTime": "0929/170725", "level": "INFO", "message": "Preference changed: name=extensions.settings, new_value=[object], source=unknown"}
{"logTime": "0929/170725", "level": "INFO", "message": "Preference changed: name=extensions.settings, new_value=[object], source=unknown"}
{"logTime": "0929/170725", "level": "INFO", "message": "Preference changed: name=extensions.settings, new_value=[object], source=unknown"}
{"logTime": "0929/170725", "level": "INFO", "message": "Preference changed: name=extensions.settings, new_value=[object], source=unknown"}
{"logTime": "0929/170725", "level": "INFO", "message": "Preference changed: name=extension.installed_extension_count, new_value=2, source=unknown"}
{"logTime": "0929/170725", "level": "INFO", "message": "Preference changed: name=profile.password_hash_data_list, new_value=[object], source=unknown"}
{"logTime": "0929/170725", "level": "INFO", "message": "Preference changed: name=edge.msa_sso_info.allow_for_non_msa_profile, new_value=true, source=unknown"}
{"logTime": "0929/170725", "level": "INFO", "message": "Preference changed: name=edge.profile_sso_info.is_msa_first_profile, new_value=true, source=unknown"}
{"logTime": "0929/170725", "level": "INFO", "message": "Preference changed: name=edge.profile_sso_info.msa_sso_algo_state, new_value=1, source=unknown"}
{"logTime": "0929/170726", "level": "INFO", "message": "Preference changed: name=browser.available_dark_theme_options, new_value=\"All\", source=unknown"}
{"logTime": "0929/170726", "level": "INFO", "message": "Preference changed: name=schedule_to_flush_to_disk, new_value=\"13435175246018910\", source=unknown"}
{"logTime": "0929/170726", "level": "INFO", "message": "Preference changed: name=schedule_to_flush_to_disk, new_value=\"13435175246019828\", source=unknown"}
{"logTime": "0929/170726", "level": "INFO", "message": "Preference changed: name=muid.last_sync, new_value=\"13435175246020255\", source=unknown"}
{"logTime": "0929/170726", "level": "INFO", "message": "Preference changed: name=bookmark.storage_computation_last_update, new_value=\"13435175246020647\", source=unknown"}
{"logTime": "0929/170726", "level": "INFO", "message": "Preference changed: name=commerce_daily_metrics_last_update_time, new_value=\"13435175246022233\", source=unknown"}
{"logTime": "0929/170726", "level": "INFO", "message": "Preference changed: name=edge.services.signin_scoped_device_id, new_value=\"da2b0890-f803-4e0e-96bb-dff2d495dd3e\", source=unknown"}
{"logTime": "0929/170726", "level": "INFO", "message": "Preference changed: name=account_tracker_service_last_update, new_value=\"13435175246022931\", source=unknown"}
{"logTime": "0929/170726", "level": "INFO", "message": "Preference changed: name=autofill.last_version_deduped, new_value=154, source=unknown"}
{"logTime": "0929/170726", "level": "INFO", "message": "Preference changed: name=autofill.edge_autofill_purge_low_quality_profiles_by_timeline, new_value=false, source=unknown"}
{"logTime": "0929/170726", "level": "INFO", "message": "Preference changed: name=optimization_guide.previously_registered_optimization_types, new_value=[object], source=unknown"}
{"logTime": "0929/170726", "level": "INFO", "message": "Preference changed: name=extensions.settings, new_value=[object], source=unknown"}
{"logTime": "0929/170726", "level": "INFO", "message": "Preference changed: name=extensions.settings, new_value=[object], source=unknown"}
{"logTime": "0929/170726", "level": "INFO", "message": "Preference changed: name=extensions.settings, new_value=[object], source=unknown"}
{"logTime": "0929/170726", "level": "INFO", "message": "Preference changed: name=extensions.settings, new_value=[object], source=unknown"}
{"logTime": "0929/170726", "level": "INFO", "message": "Preference changed: name=extensions.chrome_url_overrides, new_value=[object], source=unknown"}
{"logTime": "0929/170726", "level": "INFO", "message": "Preference changed: name=extensions.pinned_extensions, new_value=[object], source=unknown"}
{"logTime": "0929/170726", "level": "INFO", "message": "Preference changed: name=extensions.pinned_extension_migration, new_value=true, source=unknown"}
{"logTime": "0929/170726", "level": "INFO", "message": "Preference changed: name=profile.edge_user_with_non_zero_passwords, new_value=false, source=unknown"}
{"logTime": "0929/170726", "level": "INFO", "message": "Preference changed: name=profile.edge_password_is_using_new_login_db_path, new_value=false, source=unknown"}
{"logTime": "0929/170726", "level": "INFO", "message": "Preference changed: name=profile.edge_password_login_db_path_flip_flop_count, new_value=0, source=unknown"}
{"logTime": "0929/170726", "level": "INFO", "message": "Preference changed: name=saved_tab_groups.specifics_to_data_migration, new_value=true, source=unknown"}
{"logTime": "0929/170726", "level": "INFO", "message": "Preference changed: name=credentials_enable_service, new_value=false, source=unknown"}
{"logTime": "0929/170726", "level": "INFO", "message": "Preference changed: name=autofill.credit_card_enabled, new_value=false, source=unknown"}
{"logTime": "0929/170726", "level": "INFO", "message": "Preference changed: name=enable_edge_collections, new_value=false, source=unknown"}
{"logTime": "0929/170726", "level": "INFO", "message": "Preference changed: name=resolve_navigation_errors_use_web_service.enabled, new_value=false, source=unknown"}
{"logTime": "0929/170726", "level": "INFO", "message": "Preference changed: name=alternate_error_pages.enabled, new_value=false, source=unknown"}
{"logTime": "0929/170726", "level": "INFO", "message": "Preference changed: name=webrtc.udp_port_range, new_value=\"0-0\", source=unknown"}
{"logTime": "0929/170726", "level": "INFO", "message": "Preference changed: name=optimization_guide.previously_registered_optimization_types, new_value=[object], source=unknown"}
{"logTime": "0929/170726", "level": "INFO", "message": "Preference changed: name=browser.show_downloads_hub_pinned, new_value=false, source=unknown"}
{"logTime": "0929/170726", "level": "INFO", "message": "Preference changed: name=browser.show_toolbar_edge_generic_sidebar_button, new_value=false, source=unknown"}
{"logTime": "0929/170726", "level": "INFO", "message": "Preference changed: name=in_product_help.session_start_time, new_value=\"13435175246129066\", source=unknown"}
{"logTime": "0929/170726", "level": "INFO", "message": "Preference changed: name=in_product_help.session_number, new_value=2, source=unknown"}
{"logTime": "0929/170726", "level": "INFO", "message": "Preference changed: name=in_product_help.session_last_active_time, new_value=\"13435175246129066\", source=unknown"}
{"logTime": "0929/170726", "level": "INFO", "message": "Preference changed: name=in_product_help.recent_session_enabled_time, new_value=\"13435175246129066\", source=unknown"}
{"logTime": "0929/170726", "level": "INFO", "message": "Preference changed: name=in_product_help.recent_session_start_times, new_value=[object], source=unknown"}
{"logTime": "0929/170726", "level": "INFO", "message": "Preference changed: name=media.engagement.schema_version, new_value=5, source=unknown"}
{"logTime": "0929/170726", "level": "INFO", "message": "Preference changed: name=intl.selected_languages, new_value=\"en-US,en\", source=unknown"}
{"logTime": "0929/170726", "level": "INFO", "message": "Preference changed: name=optimization_guide.previously_registered_optimization_types, new_value=[object], source=unknown"}
{"logTime": "0929/170726", "level": "INFO", "message": "Preference changed: name=profile.content_settings.exceptions.storage_access_header_origin_trial, new_value=[object], source=unknown"}
{"logTime": "0929/170726", "level": "INFO", "message": "Preference changed: name=spellcheck.dictionaries, new_value=[object], source=unknown"}
{"logTime": "0929/170726", "level": "INFO", "message": "Preference changed: name=autocomplete.retention_policy_last_version, new_value=154, source=unknown"}
{"logTime": "0929/170726", "level": "INFO", "message": "Preference changed: name=typosquatting.allowlist_migration_done, new_value=true, source=unknown"}
{"logTime": "0929/170726", "level": "INFO", "message": "Preference changed: name=muid.values_seen, new_value=[object], source=unknown"}
{"logTime": "0929/170726", "level": "INFO", "message": "Preference changed: name=edge_rewards.cache_data, new_value=\"CAA=\", source=unknown"}
{"logTime": "0929/170726", "level": "INFO", "message": "Preference changed: name=edge_rewards.refresh_status_muted_until, new_value=\"13435780046431793\", source=unknown"}
{"logTime": "0929/170726", "level": "INFO", "message": "Preference changed: name=fsd.retention_policy_last_version, new_value=154, source=unknown"}
{"logTime": "0929/170727", "level": "INFO", "message": "Preference changed: name=personalization_data_consent.personalization_in_context_count, new_value=0, source=unknown"}
{"logTime": "0929/170727", "level": "INFO", "message": "Preference changed: name=personalization_data_consent.personalization_in_context_consent_can_prompt, new_value=true, source=unknown"}
{"logTime": "0929/170728", "level": "INFO", "message": "Preference changed: name=aadc_info.age_group, new_value=0, source=unknown"}
{"logTime": "0929/170729", "level": "INFO", "message": "Preference changed: name=optimization_guide.hintsfetcher.hosts_successfully_fetched, new_value=[object], source=unknown"}
{"logTime": "0929/170731", "level": "INFO", "message": "Preference changed: name=profile.is_relative_to_aad, new_value=true, source=unknown"}
{"logTime": "0929/170735", "level": "INFO", "message": "PrefStore write completed: store=4, success=true"}
{"logTime": "0929/170735", "level": "INFO", "message": "PrefStore write completed: store=4, success=true"}
{"logTime": "0929/170736", "level": "INFO", "message": "Preference changed: name=edge.bookmarks.last_dup_info_record_time, new_value=\"13435175256036322\", source=unknown"}
{"logTime": "0929/170737", "level": "INFO", "message": "Preference changed: name=profile.content_settings.exceptions.site_engagement, new_value=[object], source=unknown"}
{"logTime": "0929/170737", "level": "INFO", "message": "Preference changed: name=profile.last_engagement_time, new_value=\"13435175257677021\", source=unknown"}
{"logTime": "0929/170742", "level": "INFO", "message": "Preference changed: name=profile.observed_session_time, new_value=[object], source=unknown"}
{"logTime": "0929/170746", "level": "INFO", "message": "PrefStore write completed: store=4, success=true"}
{"logTime": "0929/170747", "level": "INFO", "message": "Preference changed: name=profile.content_settings.exceptions.site_engagement, new_value=[object], source=unknown"}
{"logTime": "0929/170747", "level": "INFO", "message": "Preference changed: name=profile.last_engagement_time, new_value=\"13435175267812680\", source=unknown"}
{"logTime": "0929/170755", "level": "INFO", "message": "Preference changed: name=profile.observed_session_time, new_value=[object], source=unknown"}
{"logTime": "0929/170755", "level": "INFO", "message": "Preference changed: name=profile.last_time_password_store_metrics_reported, new_value=1790701675.954071, source=unknown"}
{"logTime": "0929/170755", "level": "INFO", "message": "Preference changed: name=edge_wallet.passwords.password_lost_report_date, new_value=\"13435175275954352\", source=unknown"}
{"logTime": "0929/170755", "level": "INFO", "message": "Preference changed: name=total_passwords_available_for_account, new_value=0, source=unknown"}
{"logTime": "0929/170755", "level": "INFO", "message": "Preference changed: name=total_passwords_available_for_profile, new_value=0, source=unknown"}
{"logTime": "0929/170802", "level": "INFO", "message": "Preference changed: name=profile.observed_session_time, new_value=[object], source=unknown"}
{"logTime": "0929/170805", "level": "INFO", "message": "PrefStore write completed: store=4, success=true"}
{"logTime": "0929/170809", "level": "INFO", "message": "Preference changed: name=profile.observed_session_time, new_value=[object], source=unknown"}
{"logTime": "0929/170819", "level": "INFO", "message": "PrefStore write completed: store=4, success=true"}
{"logTime": "0929/170826", "level": "INFO", "message": "Preference changed: name=profile.last_time_obsolete_http_credentials_removed, new_value=1790701706.03784, source=unknown"}
{"logTime": "0929/170826", "level": "INFO", "message": "Preference changed: name=profile.were_old_google_logins_removed, new_value=true, source=unknown"}
{"logTime": "0929/170826", "level": "INFO", "message": "Preference changed: name=password_manager.account_store_migrated_to_os_crypt_async, new_value=true, source=unknown"}
{"logTime": "0929/170826", "level": "INFO", "message": "Preference changed: name=password_manager.account_store_backup_password_cleaning_last_timestamp, new_value=\"13435175306133248\", source=unknown"}
{"logTime": "0929/170826", "level": "INFO", "message": "Preference changed: name=profile.last_time_obsolete_http_credentials_removed, new_value=1790701706.134695, source=unknown"}
{"logTime": "0929/170826", "level": "INFO", "message": "Preference changed: name=password_manager.profile_store_migrated_to_os_crypt_async, new_value=true, source=unknown"}
{"logTime": "0929/170826", "level": "INFO", "message": "Preference changed: name=password_manager.profile_store_backup_password_cleaning_last_timestamp, new_value=\"13435175306146818\", source=unknown"}
{"logTime": "0929/170832", "level": "INFO", "message": "Preference changed: name=sessions.session_data_status, new_value=2, source=unknown"}
{"logTime": "0929/170832", "level": "INFO", "message": "Preference changed: name=sessions.session_data_status, new_value=3, source=unknown"}
{"logTime": "0929/170832", "level": "INFO", "message": "Preference changed: name=sessions.event_log, new_value=[object], source=unknown"}
{"logTime": "0929/170832", "level": "INFO", "message": "Preference changed: name=profile.exit_type, new_value=\"Normal\", source=unknown"}
{"logTime": "0929/171609", "level": "INFO", "message": "UserPrefStore loaded: error=NONE (0)"}
{"logTime": "0929/171609", "level": "INFO", "message": "Preference changed: name=optimization_guide.previously_registered_optimization_types, new_value=[object], source=unknown"}
{"logTime": "0929/171610", "level": "INFO", "message": "Preference changed: name=extensions.chrome_url_overrides, new_value=[object], source=unknown"}
{"logTime": "0929/171610", "level": "INFO", "message": "Preference changed: name=sessions.session_data_status, new_value=1, source=unknown"}
{"logTime": "0929/171610", "level": "INFO", "message": "Preference changed: name=sessions.event_log, new_value=[object], source=unknown"}
{"logTime": "0929/171610", "level": "INFO", "message": "Preference changed: name=optimization_guide.previously_registered_optimization_types, new_value=[object], source=unknown"}
{"logTime": "0929/171610", "level": "INFO", "message": "Preference changed: name=optimization_guide.previously_registered_optimization_types, new_value=[object], source=unknown"}
{"logTime": "0929/171610", "level": "INFO", "message": "Preference changed: name=optimization_guide.previously_registered_optimization_types, new_value=[object], source=unknown"}
{"logTime": "0929/171611", "level": "INFO", "message": "Preference changed: name=optimization_guide.previously_registered_optimization_types, new_value=[object], source=unknown"}
{"logTime": "0929/171611", "level": "INFO", "message": "Preference changed: name=optimization_guide.previously_registered_optimization_types, new_value=[object], source=unknown"}
{"logTime": "0929/171611", "level": "INFO", "message": "Preference changed: name=profile.network_pbs, new_value=[object], source=unknown"}
{"logTime": "0929/171612", "level": "INFO", "message": "Preference changed: name=profile.password_hash_data_list, new_value=[object], source=unknown"}
{"logTime": "0929/171612", "level": "INFO", "message": "Preference changed: name=schedule_to_flush_to_disk, new_value=\"13435175772465519\", source=unknown"}
{"logTime": "0929/171612", "level": "INFO", "message": "Preference changed: name=schedule_to_flush_to_disk, new_value=\"13435175772467352\", source=unknown"}
{"logTime": "0929/171612", "level": "INFO", "message": "Preference changed: name=edge.services.signin_scoped_device_id, new_value=\"76960be0-f20c-4cb8-b7b7-ab70e2c156bd\", source=unknown"}
{"logTime": "0929/171612", "level": "INFO", "message": "Preference changed: name=optimization_guide.previously_registered_optimization_types, new_value=[object], source=unknown"}
{"logTime": "0929/171612", "level": "INFO", "message": "Preference changed: name=extensions.chrome_url_overrides, new_value=[object], source=unknown"}
{"logTime": "0929/171612", "level": "INFO", "message": "Preference changed: name=autofill.credit_card_enabled, new_value=false, source=unknown"}
{"logTime": "0929/171612", "level": "INFO", "message": "Preference changed: name=enable_edge_collections, new_value=false, source=unknown"}
{"logTime": "0929/171612", "level": "INFO", "message": "Preference changed: name=resolve_navigation_errors_use_web_service.enabled, new_value=false, source=unknown"}
{"logTime": "0929/171612", "level": "INFO", "message": "Preference changed: name=alternate_error_pages.enabled, new_value=false, source=unknown"}
{"logTime": "0929/171612", "level": "INFO", "message": "Preference changed: name=optimization_guide.previously_registered_optimization_types, new_value=[object], source=unknown"}
{"logTime": "0929/171612", "level": "INFO", "message": "Preference changed: name=in_product_help.session_last_active_time, new_value=\"13435175772690890\", source=unknown"}
{"logTime": "0929/171612", "level": "INFO", "message": "Preference changed: name=optimization_guide.previously_registered_optimization_types, new_value=[object], source=unknown"}
{"logTime": "0929/171612", "level": "INFO", "message": "Preference changed: name=profile.content_settings.exceptions.storage_access_header_origin_trial, new_value=[object], source=unknown"}
{"logTime": "0929/171613", "level": "INFO", "message": "Preference changed: name=edge_rewards.coachmark_promotions, new_value=[object], source=unknown"}
{"logTime": "0929/171613", "level": "INFO", "message": "Preference changed: name=edge_rewards.hva_promotions, new_value=[object], source=unknown"}
{"logTime": "0929/171613", "level": "INFO", "message": "Preference changed: name=profile.content_settings.exceptions.site_engagement, new_value=[object], source=unknown"}
{"logTime": "0929/171613", "level": "INFO", "message": "Preference changed: name=profile.last_engagement_time, new_value=\"13435175773367963\", source=unknown"}
{"logTime": "0929/171613", "level": "INFO", "message": "Preference changed: name=language_model_counters, new_value=[object], source=unknown"}
{"logTime": "0929/171614", "level": "INFO", "message": "Preference changed: name=profile.content_settings.exceptions.notifications, new_value=[object], source=unknown"}
{"logTime": "0929/171614", "level": "INFO", "message": "Preference changed: name=profile.content_settings.exceptions.notifications, new_value=[object], source=unknown"}
{"logTime": "0929/171619", "level": "INFO", "message": "PrefStore write completed: store=4, success=true"}
{"logTime": "0929/171619", "level": "INFO", "message": "PrefStore write completed: store=4, success=true"}
{"logTime": "0929/171627", "level": "INFO", "message": "Preference changed: name=profile.observed_session_time, new_value=[object], source=unknown"}
{"logTime": "0929/171637", "level": "INFO", "message": "PrefStore write completed: store=4, success=true"}
{"logTime": "0929/171643", "level": "INFO", "message": "Preference changed: name=profile.content_settings.exceptions.site_engagement, new_value=[object], source=unknown"}
{"logTime": "0929/171643", "level": "INFO", "message": "Preference changed: name=profile.last_engagement_time, new_value=\"13435175803906808\", source=unknown"}
{"logTime": "0929/171656", "level": "INFO", "message": "Preference changed: name=profile.content_settings.exceptions.site_engagement, new_value=[object], source=unknown"}
{"logTime": "0929/171656", "level": "INFO", "message": "Preference changed: name=profile.last_engagement_time, new_value=\"13435175816118091\", source=unknown"}
{"logTime": "0929/171708", "level": "INFO", "message": "Preference changed: name=profile.content_settings.exceptions.site_engagement, new_value=[object], source=unknown"}
{"logTime": "0929/171708", "level": "INFO", "message": "Preference changed: name=profile.last_engagement_time, new_value=\"13435175828564605\", source=unknown"}
{"logTime": "0929/171716", "level": "INFO", "message": "Preference changed: name=language_dwell_time_average, new_value=[object], source=unknown"}
{"logTime": "0929/171716", "level": "INFO", "message": "Preference changed: name=language_usage_count, new_value=[object], source=unknown"}
{"logTime": "0929/171716", "level": "INFO", "message": "Preference changed: name=language_model_counters, new_value=[object], source=unknown"}
{"logTime": "0929/171726", "level": "INFO", "message": "PrefStore write completed: store=4, success=true"}
{"logTime": "0929/171747", "level": "INFO", "message": "Preference changed: name=profile.observed_session_time, new_value=[object], source=unknown"}
{"logTime": "0929/171757", "level": "INFO", "message": "PrefStore write completed: store=4, success=true"}
{"logTime": "0929/171804", "level": "INFO", "message": "Preference changed: name=profile.content_settings.exceptions.site_engagement, new_value=[object], source=unknown"}
{"logTime": "0929/171804", "level": "INFO", "message": "Preference changed: name=profile.last_engagement_time, new_value=\"13435175884481300\", source=unknown"}
{"logTime": "0929/171813", "level": "INFO", "message": "Preference changed: name=profile.observed_session_time, new_value=[object], source=unknown"}
{"logTime": "0929/171823", "level": "INFO", "message": "PrefStore write completed: store=4, success=true"}
{"logTime": "0929/172148", "level": "INFO", "message": "Preference changed: name=profile.observed_session_time, new_value=[object], source=unknown"}
{"logTime": "0929/172158", "level": "INFO", "message": "PrefStore write completed: store=4, success=true"}
{"logTime": "0929/173153", "level": "INFO", "message": "Preference changed: name=language_dwell_time_average, new_value=[object], source=unknown"}
{"logTime": "0929/173153", "level": "INFO", "message": "Preference changed: name=language_usage_count, new_value=[object], source=unknown"}
{"logTime": "0929/173153", "level": "INFO", "message": "Preference changed: name=profile.content_settings.exceptions.media_engagement, new_value=[object], source=unknown"}
{"logTime": "0929/173153", "level": "INFO", "message": "Preference changed: name=sessions.session_data_status, new_value=2, source=unknown"}
{"logTime": "0929/173153", "level": "INFO", "message": "Preference changed: name=sessions.session_data_status, new_value=3, source=unknown"}
{"logTime": "0929/173153", "level": "INFO", "message": "Preference changed: name=sessions.event_log, new_value=[object], source=unknown"}
{"logTime": "0929/173222", "level": "INFO", "message": "UserPrefStore loaded: error=NONE (0)"}
{"logTime": "0929/173222", "level": "INFO", "message": "Preference changed: name=optimization_guide.previously_registered_optimization_types, new_value=[object], source=unknown"}
{"logTime": "0929/173222", "level": "INFO", "message": "Preference changed: name=extensions.chrome_url_overrides, new_value=[object], source=unknown"}
{"logTime": "0929/173222", "level": "INFO", "message": "Preference changed: name=sessions.session_data_status, new_value=1, source=unknown"}
{"logTime": "0929/173222", "level": "INFO", "message": "Preference changed: name=sessions.event_log, new_value=[object], source=unknown"}
{"logTime": "0929/173222", "level": "INFO", "message": "Preference changed: name=optimization_guide.previously_registered_optimization_types, new_value=[object], source=unknown"}
{"logTime": "0929/173222", "level": "INFO", "message": "Preference changed: name=optimization_guide.previously_registered_optimization_types, new_value=[object], source=unknown"}
{"logTime": "0929/173222", "level": "INFO", "message": "Preference changed: name=optimization_guide.previously_registered_optimization_types, new_value=[object], source=unknown"}
{"logTime": "0929/173222", "level": "INFO", "message": "Preference changed: name=optimization_guide.previously_registered_optimization_types, new_value=[object], source=unknown"}
{"logTime": "0929/173222", "level": "INFO", "message": "Preference changed: name=optimization_guide.previously_registered_optimization_types, new_value=[object], source=unknown"}
{"logTime": "0929/173222", "level": "INFO", "message": "Preference changed: name=profile.network_pbs, new_value=[object], source=unknown"}
{"logTime": "0929/173222", "level": "INFO", "message": "Preference changed: name=profile.password_hash_data_list, new_value=[object], source=unknown"}
{"logTime": "0929/173222", "level": "INFO", "message": "Preference changed: name=schedule_to_flush_to_disk, new_value=\"13435176742190075\", source=unknown"}
{"logTime": "0929/173222", "level": "INFO", "message": "Preference changed: name=schedule_to_flush_to_disk, new_value=\"13435176742190970\", source=unknown"}
{"logTime": "0929/173222", "level": "INFO", "message": "Preference changed: name=edge.services.signin_scoped_device_id, new_value=\"8a28b8a4-dbba-481b-b84e-1ce025820b38\", source=unknown"}
{"logTime": "0929/173222", "level": "INFO", "message": "Preference changed: name=optimization_guide.previously_registered_optimization_types, new_value=[object], source=unknown"}
{"logTime": "0929/173222", "level": "INFO", "message": "Preference changed: name=extensions.chrome_url_overrides, new_value=[object], source=unknown"}
{"logTime": "0929/173222", "level": "INFO", "message": "Preference changed: name=autofill.credit_card_enabled, new_value=false, source=unknown"}
{"logTime": "0929/173222", "level": "INFO", "message": "Preference changed: name=enable_edge_collections, new_value=false, source=unknown"}
{"logTime": "0929/173222", "level": "INFO", "message": "Preference changed: name=resolve_navigation_errors_use_web_service.enabled, new_value=false, source=unknown"}
{"logTime": "0929/173222", "level": "INFO", "message": "Preference changed: name=alternate_error_pages.enabled, new_value=false, source=unknown"}
{"logTime": "0929/173222", "level": "INFO", "message": "Preference changed: name=optimization_guide.previously_registered_optimization_types, new_value=[object], source=unknown"}
{"logTime": "0929/173222", "level": "INFO", "message": "Preference changed: name=in_product_help.session_last_active_time, new_value=\"13435176742292580\", source=unknown"}
{"logTime": "0929/173222", "level": "INFO", "message": "Preference changed: name=optimization_guide.previously_registered_optimization_types, new_value=[object], source=unknown"}
{"logTime": "0929/173222", "level": "INFO", "message": "Preference changed: name=profile.content_settings.exceptions.storage_access_header_origin_trial, new_value=[object], source=unknown"}
{"logTime": "0929/173222", "level": "INFO", "message": "Preference changed: name=edge_rewards.coachmark_promotions, new_value=[object], source=unknown"}
{"logTime": "0929/173222", "level": "INFO", "message": "Preference changed: name=edge_rewards.hva_promotions, new_value=[object], source=unknown"}
{"logTime": "0929/173223", "level": "INFO", "message": "Preference changed: name=profile.content_settings.exceptions.site_engagement, new_value=[object], source=unknown"}
{"logTime": "0929/173223", "level": "INFO", "message": "Preference changed: name=profile.last_engagement_time, new_value=\"13435176743602191\", source=unknown"}
{"logTime": "0929/173223", "level": "INFO", "message": "Preference changed: name=language_model_counters, new_value=[object], source=unknown"}
{"logTime": "0929/173232", "level": "INFO", "message": "PrefStore write completed: store=4, success=true"}
{"logTime": "0929/173232", "level": "INFO", "message": "PrefStore write completed: store=4, success=true"}
{"logTime": "0929/173237", "level": "INFO", "message": "Preference changed: name=profile.observed_session_time, new_value=[object], source=unknown"}
{"logTime": "0929/173247", "level": "INFO", "message": "PrefStore write completed: store=4, success=true"}
{"logTime": "0929/173411", "level": "INFO", "message": "Preference changed: name=profile.content_settings.exceptions.site_engagement, new_value=[object], source=unknown"}
{"logTime": "0929/173411", "level": "INFO", "message": "Preference changed: name=profile.last_engagement_time, new_value=\"13435176851128813\", source=unknown"}
{"logTime": "0929/173412", "level": "INFO", "message": "Preference changed: name=language_dwell_time_average, new_value=[object], source=unknown"}
{"logTime": "0929/173412", "level": "INFO", "message": "Preference changed: name=language_usage_count, new_value=[object], source=unknown"}
{"logTime": "0929/173412", "level": "INFO", "message": "Preference changed: name=language_model_counters, new_value=[object], source=unknown"}
{"logTime": "0929/173416", "level": "INFO", "message": "Preference changed: name=language_dwell_time_average, new_value=[object], source=unknown"}
{"logTime": "0929/173416", "level": "INFO", "message": "Preference changed: name=language_usage_count, new_value=[object], source=unknown"}
{"logTime": "0929/173416", "level": "INFO", "message": "Preference changed: name=language_model_counters, new_value=[object], source=unknown"}
{"logTime": "0929/173423", "level": "INFO", "message": "PrefStore write completed: store=4, success=true"}
{"logTime": "0929/173426", "level": "INFO", "message": "Preference changed: name=profile.content_settings.exceptions.site_engagement, new_value=[object], source=unknown"}
{"logTime": "0929/173426", "level": "INFO", "message": "Preference changed: name=profile.last_engagement_time, new_value=\"13435176866576284\", source=unknown"}
{"logTime": "0929/173436", "level": "INFO", "message": "Preference changed: name=profile.content_settings.exceptions.site_engagement, new_value=[object], source=unknown"}
{"logTime": "0929/173436", "level": "INFO", "message": "Preference changed: name=profile.last_engagement_time, new_value=\"13435176876686134\", source=unknown"}
{"logTime": "0929/173441", "level": "INFO", "message": "Preference changed: name=language_dwell_time_average, new_value=[object], source=unknown"}
{"logTime": "0929/173441", "level": "INFO", "message": "Preference changed: name=language_usage_count, new_value=[object], source=unknown"}
{"logTime": "0929/173441", "level": "INFO", "message": "Preference changed: name=language_model_counters, new_value=[object], source=unknown"}
{"logTime": "0929/173452", "level": "INFO", "message": "PrefStore write completed: store=4, success=true"}
{"logTime": "0929/173452", "level": "INFO", "message": "Preference changed: name=profile.observed_session_time, new_value=[object], source=unknown"}
{"logTime": "0929/173502", "level": "INFO", "message": "PrefStore write completed: store=4, success=true"}
{"logTime": "0929/173503", "level": "INFO", "message": "Preference changed: name=profile.content_settings.exceptions.site_engagement, new_value=[object], source=unknown"}
{"logTime": "0929/173503", "level": "INFO", "message": "Preference changed: name=profile.last_engagement_time, new_value=\"13435176903332789\", source=unknown"}
{"logTime": "0929/173507", "level": "INFO", "message": "Preference changed: name=in_product_help.session_last_active_time, new_value=\"13435176905390289\", source=unknown"}
{"logTime": "0929/173522", "level": "INFO", "message": "Preference changed: name=in_product_help.session_last_active_time, new_value=\"13435176914386204\", source=unknown"}
{"logTime": "0929/173529", "level": "INFO", "message": "Preference changed: name=profile.content_settings.exceptions.site_engagement, new_value=[object], source=unknown"}
{"logTime": "0929/173529", "level": "INFO", "message": "Preference changed: name=profile.last_engagement_time, new_value=\"13435176929027893\", source=unknown"}
{"logTime": "0929/173537", "level": "INFO", "message": "Preference changed: name=in_product_help.session_last_active_time, new_value=\"13435176937402136\", source=unknown"}
{"logTime": "0929/173542", "level": "INFO", "message": "Preference changed: name=profile.content_settings.exceptions.site_engagement, new_value=[object], source=unknown"}
{"logTime": "0929/173542", "level": "INFO", "message": "Preference changed: name=profile.last_engagement_time, new_value=\"13435176942266814\", source=unknown"}
{"logTime": "0929/173554", "level": "INFO", "message": "Preference changed: name=profile.observed_session_time, new_value=[object], source=unknown"}
{"logTime": "0929/173555", "level": "INFO", "message": "Preference changed: name=language_dwell_time_average, new_value=[object], source=unknown"}
{"logTime": "0929/173555", "level": "INFO", "message": "Preference changed: name=language_usage_count, new_value=[object], source=unknown"}
{"logTime": "0929/173555", "level": "INFO", "message": "Preference changed: name=profile.content_settings.exceptions.media_engagement, new_value=[object], source=unknown"}
{"logTime": "0929/173555", "level": "INFO", "message": "Preference changed: name=sessions.session_data_status, new_value=2, source=unknown"}
{"logTime": "0929/173555", "level": "INFO", "message": "Preference changed: name=sessions.session_data_status, new_value=3, source=unknown"}
{"logTime": "0929/173555", "level": "INFO", "message": "Preference changed: name=sessions.event_log, new_value=[object], source=unknown"}
{"logTime": "0929/173610", "level": "INFO", "message": "UserPrefStore loaded: error=NONE (0)"}
{"logTime": "0929/173610", "level": "INFO", "message": "Preference changed: name=optimization_guide.previously_registered_optimization_types, new_value=[object], source=unknown"}
{"logTime": "0929/173610", "level": "INFO", "message": "Preference changed: name=extensions.chrome_url_overrides, new_value=[object], source=unknown"}
{"logTime": "0929/173610", "level": "INFO", "message": "Preference changed: name=sessions.session_data_status, new_value=1, source=unknown"}
{"logTime": "0929/173610", "level": "INFO", "message": "Preference changed: name=sessions.event_log, new_value=[object], source=unknown"}
{"logTime": "0929/173610", "level": "INFO", "message": "Preference changed: name=optimization_guide.previously_registered_optimization_types, new_value=[object], source=unknown"}
{"logTime": "0929/173610", "level": "INFO", "message": "Preference changed: name=optimization_guide.previously_registered_optimization_types, new_value=[object], source=unknown"}
{"logTime": "0929/173610", "level": "INFO", "message": "Preference changed: name=optimization_guide.previously_registered_optimization_types, new_value=[object], source=unknown"}
{"logTime": "0929/173610", "level": "INFO", "message": "Preference changed: name=optimization_guide.previously_registered_optimization_types, new_value=[object], source=unknown"}
{"logTime": "0929/173610", "level": "INFO", "message": "Preference changed: name=optimization_guide.previously_registered_optimization_types, new_value=[object], source=unknown"}
{"logTime": "0929/173610", "level": "INFO", "message": "Preference changed: name=profile.network_pbs, new_value=[object], source=unknown"}
{"logTime": "0929/173610", "level": "INFO", "message": "Preference changed: name=profile.password_hash_data_list, new_value=[object], source=unknown"}
{"logTime": "0929/173610", "level": "INFO", "message": "Preference changed: name=schedule_to_flush_to_disk, new_value=\"13435176970151968\", source=unknown"}
{"logTime": "0929/173610", "level": "INFO", "message": "Preference changed: name=schedule_to_flush_to_disk, new_value=\"13435176970152752\", source=unknown"}
{"logTime": "0929/173610", "level": "INFO", "message": "Preference changed: name=edge.services.signin_scoped_device_id, new_value=\"ca0b04be-631d-4ea9-b4b7-62da37026f22\", source=unknown"}
{"logTime": "0929/173610", "level": "INFO", "message": "Preference changed: name=optimization_guide.previously_registered_optimization_types, new_value=[object], source=unknown"}
{"logTime": "0929/173610", "level": "INFO", "message": "Preference changed: name=extensions.chrome_url_overrides, new_value=[object], source=unknown"}
{"logTime": "0929/173610", "level": "INFO", "message": "Preference changed: name=autofill.credit_card_enabled, new_value=false, source=unknown"}
{"logTime": "0929/173610", "level": "INFO", "message": "Preference changed: name=enable_edge_collections, new_value=false, source=unknown"}
{"logTime": "0929/173610", "level": "INFO", "message": "Preference changed: name=resolve_navigation_errors_use_web_service.enabled, new_value=false, source=unknown"}
{"logTime": "0929/173610", "level": "INFO", "message": "Preference changed: name=alternate_error_pages.enabled, new_value=false, source=unknown"}
{"logTime": "0929/173610", "level": "INFO", "message": "Preference changed: name=optimization_guide.previously_registered_optimization_types, new_value=[object], source=unknown"}
{"logTime": "0929/173610", "level": "INFO", "message": "Preference changed: name=in_product_help.session_last_active_time, new_value=\"13435176970221281\", source=unknown"}
{"logTime": "0929/173610", "level": "INFO", "message": "Preference changed: name=optimization_guide.previously_registered_optimization_types, new_value=[object], source=unknown"}
{"logTime": "0929/173610", "level": "INFO", "message": "Preference changed: name=profile.content_settings.exceptions.storage_access_header_origin_trial, new_value=[object], source=unknown"}
{"logTime": "0929/173610", "level": "INFO", "message": "Preference changed: name=edge_rewards.coachmark_promotions, new_value=[object], source=unknown"}
{"logTime": "0929/173610", "level": "INFO", "message": "Preference changed: name=edge_rewards.hva_promotions, new_value=[object], source=unknown"}
{"logTime": "0929/173610", "level": "INFO", "message": "Preference changed: name=profile.content_settings.exceptions.site_engagement, new_value=[object], source=unknown"}
{"logTime": "0929/173610", "level": "INFO", "message": "Preference changed: name=profile.last_engagement_time, new_value=\"13435176970661153\", source=unknown"}
{"logTime": "0929/173610", "level": "INFO", "message": "Preference changed: name=language_model_counters, new_value=[object], source=unknown"}
{"logTime": "0929/173620", "level": "INFO", "message": "PrefStore write completed: store=4, success=true"}
{"logTime": "0929/173620", "level": "INFO", "message": "PrefStore write completed: store=4, success=true"}
{"logTime": "0929/174041", "level": "INFO", "message": "Preference changed: name=profile.content_settings.exceptions.site_engagement, new_value=[object], source=unknown"}
{"logTime": "0929/174041", "level": "INFO", "message": "Preference changed: name=profile.last_engagement_time, new_value=\"13435177241460505\", source=unknown"}
{"logTime": "0929/174043", "level": "INFO", "message": "Preference changed: name=language_dwell_time_average, new_value=[object], source=unknown"}
{"logTime": "0929/174043", "level": "INFO", "message": "Preference changed: name=language_usage_count, new_value=[object], source=unknown"}
{"logTime": "0929/174043", "level": "INFO", "message": "Preference changed: name=profile.content_settings.exceptions.media_engagement, new_value=[object], source=unknown"}
{"logTime": "0929/174043", "level": "INFO", "message": "Preference changed: name=sessions.session_data_status, new_value=2, source=unknown"}
{"logTime": "0929/174043", "level": "INFO", "message": "Preference changed: name=sessions.session_data_status, new_value=3, source=unknown"}
{"logTime": "0929/174044", "level": "INFO", "message": "Preference changed: name=sessions.event_log, new_value=[object], source=unknown"}
{"logTime": "0929/175634", "level": "INFO", "message": "UserPrefStore loaded: error=NONE (0)"}
{"logTime": "0929/175634", "level": "INFO", "message": "Preference changed: name=optimization_guide.previously_registered_optimization_types, new_value=[object], source=unknown"}
{"logTime": "0929/175634", "level": "INFO", "message": "Preference changed: name=extensions.chrome_url_overrides, new_value=[object], source=unknown"}
{"logTime": "0929/175634", "level": "INFO", "message": "Preference changed: name=sessions.session_data_status, new_value=1, source=unknown"}
{"logTime": "0929/175634", "level": "INFO", "message": "Preference changed: name=sessions.event_log, new_value=[object], source=unknown"}
{"logTime": "0929/175634", "level": "INFO", "message": "Preference changed: name=optimization_guide.previously_registered_optimization_types, new_value=[object], source=unknown"}
{"logTime": "0929/175634", "level": "INFO", "message": "Preference changed: name=optimization_guide.previously_registered_optimization_types, new_value=[object], source=unknown"}
{"logTime": "0929/175634", "level": "INFO", "message": "Preference changed: name=optimization_guide.previously_registered_optimization_types, new_value=[object], source=unknown"}
{"logTime": "0929/175634", "level": "INFO", "message": "Preference changed: name=optimization_guide.previously_registered_optimization_types, new_value=[object], source=unknown"}
{"logTime": "0929/175634", "level": "INFO", "message": "Preference changed: name=optimization_guide.previously_registered_optimization_types, new_value=[object], source=unknown"}
{"logTime": "0929/175634", "level": "INFO", "message": "Preference changed: name=profile.network_pbs, new_value=[object], source=unknown"}
{"logTime": "0929/175634", "level": "INFO", "message": "Preference changed: name=profile.password_hash_data_list, new_value=[object], source=unknown"}
{"logTime": "0929/175634", "level": "INFO", "message": "Preference changed: name=schedule_to_flush_to_disk, new_value=\"13435178194233375\", source=unknown"}
{"logTime": "0929/175634", "level": "INFO", "message": "Preference changed: name=schedule_to_flush_to_disk, new_value=\"13435178194234305\", source=unknown"}
{"logTime": "0929/175634", "level": "INFO", "message": "Preference changed: name=edge.services.signin_scoped_device_id, new_value=\"24cb8abd-a065-4df8-8fac-04f4615362d1\", source=unknown"}
{"logTime": "0929/175634", "level": "INFO", "message": "Preference changed: name=optimization_guide.previously_registered_optimization_types, new_value=[object], source=unknown"}
{"logTime": "0929/175634", "level": "INFO", "message": "Preference changed: name=extensions.chrome_url_overrides, new_value=[object], source=unknown"}
{"logTime": "0929/175634", "level": "INFO", "message": "Preference changed: name=autofill.credit_card_enabled, new_value=false, source=unknown"}
{"logTime": "0929/175634", "level": "INFO", "message": "Preference changed: name=enable_edge_collections, new_value=false, source=unknown"}
{"logTime": "0929/175634", "level": "INFO", "message": "Preference changed: name=resolve_navigation_errors_use_web_service.enabled, new_value=false, source=unknown"}
{"logTime": "0929/175634", "level": "INFO", "message": "Preference changed: name=alternate_error_pages.enabled, new_value=false, source=unknown"}
{"logTime": "0929/175634", "level": "INFO", "message": "Preference changed: name=optimization_guide.previously_registered_optimization_types, new_value=[object], source=unknown"}
{"logTime": "0929/175634", "level": "INFO", "message": "Preference changed: name=in_product_help.session_last_active_time, new_value=\"13435178194318342\", source=unknown"}
{"logTime": "0929/175634", "level": "INFO", "message": "Preference changed: name=optimization_guide.previously_registered_optimization_types, new_value=[object], source=unknown"}
{"logTime": "0929/175634", "level": "INFO", "message": "Preference changed: name=profile.content_settings.exceptions.storage_access_header_origin_trial, new_value=[object], source=unknown"}
{"logTime": "0929/175634", "level": "INFO", "message": "Preference changed: name=edge_rewards.coachmark_promotions, new_value=[object], source=unknown"}
{"logTime": "0929/175634", "level": "INFO", "message": "Preference changed: name=edge_rewards.hva_promotions, new_value=[object], source=unknown"}
{"logTime": "0929/175637", "level": "INFO", "message": "Preference changed: name=profile.content_settings.exceptions.site_engagement, new_value=[object], source=unknown"}
{"logTime": "0929/175637", "level": "INFO", "message": "Preference changed: name=profile.last_engagement_time, new_value=\"13435178197295450\", source=unknown"}
{"logTime": "0929/175637", "level": "INFO", "message": "Preference changed: name=language_model_counters, new_value=[object], source=unknown"}
{"logTime": "0929/175644", "level": "INFO", "message": "PrefStore write completed: store=4, success=true"}
{"logTime": "0929/175644", "level": "INFO", "message": "PrefStore write completed: store=4, success=true"}
{"logTime": "0929/175648", "level": "INFO", "message": "Preference changed: name=profile.content_settings.exceptions.site_engagement, new_value=[object], source=unknown"}
{"logTime": "0929/175648", "level": "INFO", "message": "Preference changed: name=profile.last_engagement_time, new_value=\"13435178208554893\", source=unknown"}
{"logTime": "0929/175649", "level": "INFO", "message": "Preference changed: name=in_product_help.session_last_active_time, new_value=\"13435178209327496\", source=unknown"}
{"logTime": "0929/175701", "level": "INFO", "message": "Preference changed: name=profile.content_settings.exceptions.site_engagement, new_value=[object], source=unknown"}
{"logTime": "0929/175701", "level": "INFO", "message": "Preference changed: name=profile.last_engagement_time, new_value=\"13435178221641749\", source=unknown"}
{"logTime": "0929/175713", "level": "INFO", "message": "Preference changed: name=profile.content_settings.exceptions.site_engagement, new_value=[object], source=unknown"}
{"logTime": "0929/175713", "level": "INFO", "message": "Preference changed: name=profile.last_engagement_time, new_value=\"13435178233981259\", source=unknown"}
{"logTime": "0929/175715", "level": "INFO", "message": "Preference changed: name=profile.observed_session_time, new_value=[object], source=unknown"}
{"logTime": "0929/175724", "level": "INFO", "message": "Preference changed: name=profile.content_settings.exceptions.site_engagement, new_value=[object], source=unknown"}
{"logTime": "0929/175724", "level": "INFO", "message": "Preference changed: name=profile.last_engagement_time, new_value=\"13435178244770509\", source=unknown"}
{"logTime": "0929/175725", "level": "INFO", "message": "PrefStore write completed: store=4, success=true"}
{"logTime": "0929/175837", "level": "INFO", "message": "Preference changed: name=profile.content_settings.exceptions.site_engagement, new_value=[object], source=unknown"}
{"logTime": "0929/175837", "level": "INFO", "message": "Preference changed: name=profile.last_engagement_time, new_value=\"13435178317095247\", source=unknown"}
{"logTime": "0929/181001", "level": "INFO", "message": "Preference changed: name=profile.content_settings.exceptions.site_engagement, new_value=[object], source=unknown"}
{"logTime": "0929/181001", "level": "INFO", "message": "Preference changed: name=profile.last_engagement_time, new_value=\"13435179001729267\", source=unknown"}
{"logTime": "0929/181003", "level": "INFO", "message": "Preference changed: name=language_dwell_time_average, new_value=[object], source=unknown"}
{"logTime": "0929/181003", "level": "INFO", "message": "Preference changed: name=language_usage_count, new_value=[object], source=unknown"}
{"logTime": "0929/181003", "level": "INFO", "message": "Preference changed: name=language_model_counters, new_value=[object], source=unknown"}
{"logTime": "0929/181013", "level": "INFO", "message": "PrefStore write completed: store=4, success=true"}
{"logTime": "0929/181019", "level": "INFO", "message": "Preference changed: name=profile.observed_session_time, new_value=[object], source=unknown"}
{"logTime": "0929/181029", "level": "INFO", "message": "PrefStore write completed: store=4, success=true"}
{"logTime": "0929/181329", "level": "INFO", "message": "Preference changed: name=profile.content_settings.exceptions.site_engagement, new_value=[object], source=unknown"}
{"logTime": "0929/181329", "level": "INFO", "message": "Preference changed: name=profile.last_engagement_time, new_value=\"13435179209987224\", source=unknown"}
{"logTime": "0929/181331", "level": "INFO", "message": "Preference changed: name=in_product_help.session_last_active_time, new_value=\"13435179211438303\", source=unknown"}
{"logTime": "0929/181346", "level": "INFO", "message": "Preference changed: name=in_product_help.session_last_active_time, new_value=\"13435179213446512\", source=unknown"}
{"logTime": "0929/181413", "level": "INFO", "message": "Preference changed: name=profile.observed_session_time, new_value=[object], source=unknown"}
{"logTime": "0929/181423", "level": "INFO", "message": "PrefStore write completed: store=4, success=true"}
{"logTime": "0929/181520", "level": "INFO", "message": "Preference changed: name=profile.observed_session_time, new_value=[object], source=unknown"}
{"logTime": "0929/181530", "level": "INFO", "message": "PrefStore write completed: store=4, success=true"}
{"logTime": "0929/181543", "level": "INFO", "message": "Preference changed: name=profile.observed_session_time, new_value=[object], source=unknown"}
{"logTime": "0929/181553", "level": "INFO", "message": "PrefStore write completed: store=4, success=true"}
{"logTime": "0929/181852", "level": "INFO", "message": "Preference changed: name=language_dwell_time_average, new_value=[object], source=unknown"}
{"logTime": "0929/181852", "level": "INFO", "message": "Preference changed: name=language_usage_count, new_value=[object], source=unknown"}
{"logTime": "0929/181852", "level": "INFO", "message": "Preference changed: name=profile.content_settings.exceptions.media_engagement, new_value=[object], source=unknown"}
{"logTime": "0929/181852", "level": "INFO", "message": "Preference changed: name=sessions.session_data_status, new_value=2, source=unknown"}
{"logTime": "0929/181852", "level": "INFO", "message": "Preference changed: name=sessions.session_data_status, new_value=3, source=unknown"}
{"logTime": "0929/181852", "level": "INFO", "message": "Preference changed: name=sessions.event_log, new_value=[object], source=unknown"}
{"logTime": "0929/181921", "level": "INFO", "message": "UserPrefStore loaded: error=NONE (0)"}
{"logTime": "0929/181921", "level": "INFO", "message": "Preference changed: name=optimization_guide.previously_registered_optimization_types, new_value=[object], source=unknown"}
{"logTime": "0929/181921", "level": "INFO", "message": "Preference changed: name=extensions.chrome_url_overrides, new_value=[object], source=unknown"}
{"logTime": "0929/181921", "level": "INFO", "message": "Preference changed: name=sessions.session_data_status, new_value=1, source=unknown"}
{"logTime": "0929/181921", "level": "INFO", "message": "Preference changed: name=sessions.event_log, new_value=[object], source=unknown"}
{"logTime": "0929/181921", "level": "INFO", "message": "Preference changed: name=optimization_guide.previously_registered_optimization_types, new_value=[object], source=unknown"}
{"logTime": "0929/181921", "level": "INFO", "message": "Preference changed: name=optimization_guide.previously_registered_optimization_types, new_value=[object], source=unknown"}
{"logTime": "0929/181921", "level": "INFO", "message": "Preference changed: name=optimization_guide.previously_registered_optimization_types, new_value=[object], source=unknown"}
{"logTime": "0929/181921", "level": "INFO", "message": "Preference changed: name=optimization_guide.previously_registered_optimization_types, new_value=[object], source=unknown"}
{"logTime": "0929/181921", "level": "INFO", "message": "Preference changed: name=optimization_guide.previously_registered_optimization_types, new_value=[object], source=unknown"}
{"logTime": "0929/181921", "level": "INFO", "message": "Preference changed: name=profile.network_pbs, new_value=[object], source=unknown"}
{"logTime": "0929/181921", "level": "INFO", "message": "Preference changed: name=profile.password_hash_data_list, new_value=[object], source=unknown"}
{"logTime": "0929/181921", "level": "INFO", "message": "Preference changed: name=schedule_to_flush_to_disk, new_value=\"13435179561689775\", source=unknown"}
{"logTime": "0929/181921", "level": "INFO", "message": "Preference changed: name=schedule_to_flush_to_disk, new_value=\"13435179561690638\", source=unknown"}
{"logTime": "0929/181921", "level": "INFO", "message": "Preference changed: name=edge.services.signin_scoped_device_id, new_value=\"d1b7e4bc-ec7e-4b40-939b-fc2f4898b5e2\", source=unknown"}
{"logTime": "0929/181921", "level": "INFO", "message": "Preference changed: name=optimization_guide.previously_registered_optimization_types, new_value=[object], source=unknown"}
{"logTime": "0929/181921", "level": "INFO", "message": "Preference changed: name=extensions.chrome_url_overrides, new_value=[object], source=unknown"}
{"logTime": "0929/181921", "level": "INFO", "message": "Preference changed: name=autofill.credit_card_enabled, new_value=false, source=unknown"}
{"logTime": "0929/181921", "level": "INFO", "message": "Preference changed: name=enable_edge_collections, new_value=false, source=unknown"}
{"logTime": "0929/181921", "level": "INFO", "message": "Preference changed: name=resolve_navigation_errors_use_web_service.enabled, new_value=false, source=unknown"}
{"logTime": "0929/181921", "level": "INFO", "message": "Preference changed: name=alternate_error_pages.enabled, new_value=false, source=unknown"}
{"logTime": "0929/181921", "level": "INFO", "message": "Preference changed: name=optimization_guide.previously_registered_optimization_types, new_value=[object], source=unknown"}
{"logTime": "0929/181921", "level": "INFO", "message": "Preference changed: name=in_product_help.session_last_active_time, new_value=\"13435179561758398\", source=unknown"}
{"logTime": "0929/181921", "level": "INFO", "message": "Preference changed: name=optimization_guide.previously_registered_optimization_types, new_value=[object], source=unknown"}
{"logTime": "0929/181921", "level": "INFO", "message": "Preference changed: name=profile.content_settings.exceptions.storage_access_header_origin_trial, new_value=[object], source=unknown"}
{"logTime": "0929/181922", "level": "INFO", "message": "Preference changed: name=edge_rewards.coachmark_promotions, new_value=[object], source=unknown"}
{"logTime": "0929/181922", "level": "INFO", "message": "Preference changed: name=edge_rewards.hva_promotions, new_value=[object], source=unknown"}
{"logTime": "0929/181931", "level": "INFO", "message": "PrefStore write completed: store=4, success=true"}
{"logTime": "0929/181931", "level": "INFO", "message": "PrefStore write completed: store=4, success=true"}
{"logTime": "0929/181932", "level": "INFO", "message": "Preference changed: name=profile.content_settings.exceptions.site_engagement, new_value=[object], source=unknown"}
{"logTime": "0929/181932", "level": "INFO", "message": "Preference changed: name=profile.last_engagement_time, new_value=\"13435179572549228\", source=unknown"}
{"logTime": "0929/181933", "level": "INFO", "message": "Preference changed: name=language_dwell_time_average, new_value=[object], source=unknown"}
{"logTime": "0929/181933", "level": "INFO", "message": "Preference changed: name=language_usage_count, new_value=[object], source=unknown"}
{"logTime": "0929/181933", "level": "INFO", "message": "Preference changed: name=language_model_counters, new_value=[object], source=unknown"}
{"logTime": "0929/181933", "level": "INFO", "message": "Preference changed: name=profile.observed_session_time, new_value=[object], source=unknown"}
{"logTime": "0929/181943", "level": "INFO", "message": "PrefStore write completed: store=4, success=true"}
{"logTime": "0929/181943", "level": "INFO", "message": "Preference changed: name=profile.content_settings.exceptions.site_engagement, new_value=[object], source=unknown"}
{"logTime": "0929/181943", "level": "INFO", "message": "Preference changed: name=profile.last_engagement_time, new_value=\"13435179583515246\", source=unknown"}
{"logTime": "0929/181955", "level": "INFO", "message": "Preference changed: name=profile.content_settings.exceptions.site_engagement, new_value=[object], source=unknown"}
{"logTime": "0929/181955", "level": "INFO", "message": "Preference changed: name=profile.last_engagement_time, new_value=\"13435179595466878\", source=unknown"}
{"logTime": "0929/182006", "level": "INFO", "message": "Preference changed: name=profile.content_settings.exceptions.site_engagement, new_value=[object], source=unknown"}
{"logTime": "0929/182006", "level": "INFO", "message": "Preference changed: name=profile.last_engagement_time, new_value=\"13435179606913450\", source=unknown"}
{"logTime": "0929/182017", "level": "INFO", "message": "Preference changed: name=profile.content_settings.exceptions.site_engagement, new_value=[object], source=unknown"}
{"logTime": "0929/182017", "level": "INFO", "message": "Preference changed: name=profile.last_engagement_time, new_value=\"13435179617355452\", source=unknown"}
{"logTime": "0929/182021", "level": "INFO", "message": "Preference changed: name=language_dwell_time_average, new_value=[object], source=unknown"}
{"logTime": "0929/182021", "level": "INFO", "message": "Preference changed: name=language_usage_count, new_value=[object], source=unknown"}
{"logTime": "0929/182021", "level": "INFO", "message": "Preference changed: name=language_model_counters, new_value=[object], source=unknown"}
{"logTime": "0929/182031", "level": "INFO", "message": "PrefStore write completed: store=4, success=true"}
{"logTime": "0929/182036", "level": "INFO", "message": "Preference changed: name=profile.observed_session_time, new_value=[object], source=unknown"}
{"logTime": "0929/182046", "level": "INFO", "message": "PrefStore write completed: store=4, success=true"}
{"logTime": "0929/182109", "level": "INFO", "message": "Preference changed: name=profile.content_settings.exceptions.site_engagement, new_value=[object], source=unknown"}
{"logTime": "0929/182109", "level": "INFO", "message": "Preference changed: name=profile.last_engagement_time, new_value=\"13435179669862196\", source=unknown"}
{"logTime": "0929/182321", "level": "INFO", "message": "Preference changed: name=profile.content_settings.exceptions.site_engagement, new_value=[object], source=unknown"}
{"logTime": "0929/182321", "level": "INFO", "message": "Preference changed: name=profile.last_engagement_time, new_value=\"13435179801259518\", source=unknown"}
{"logTime": "0929/182321", "level": "INFO", "message": "Preference changed: name=in_product_help.session_last_active_time, new_value=\"13435179801937334\", source=unknown"}
{"logTime": "0929/182336", "level": "INFO", "message": "Preference changed: name=in_product_help.session_last_active_time, new_value=\"13435179807946906\", source=unknown"}
{"logTime": "0929/182353", "level": "INFO", "message": "Preference changed: name=profile.observed_session_time, new_value=[object], source=unknown"}
{"logTime": "0929/182403", "level": "INFO", "message": "PrefStore write completed: store=4, success=true"}
{"logTime": "0929/182612", "level": "INFO", "message": "Preference changed: name=profile.content_settings.exceptions.site_engagement, new_value=[object], source=unknown"}
{"logTime": "0929/182612", "level": "INFO", "message": "Preference changed: name=profile.last_engagement_time, new_value=\"13435179972352919\", source=unknown"}
{"logTime": "0929/183644", "level": "INFO", "message": "Preference changed: name=language_dwell_time_average, new_value=[object], source=unknown"}
{"logTime": "0929/183644", "level": "INFO", "message": "Preference changed: name=language_usage_count, new_value=[object], source=unknown"}
{"logTime": "0929/183644", "level": "INFO", "message": "Preference changed: name=profile.content_settings.exceptions.media_engagement, new_value=[object], source=unknown"}
{"logTime": "0929/183644", "level": "INFO", "message": "Preference changed: name=sessions.session_data_status, new_value=2, source=unknown"}
{"logTime": "0929/183644", "level": "INFO", "message": "Preference changed: name=sessions.session_data_status, new_value=3, source=unknown"}
{"logTime": "0929/183644", "level": "INFO", "message": "Preference changed: name=sessions.event_log, new_value=[object], source=unknown"}
{"logTime": "0929/183723", "level": "INFO", "message": "UserPrefStore loaded: error=NONE (0)"}
{"logTime": "0929/183724", "level": "INFO", "message": "Preference changed: name=optimization_guide.previously_registered_optimization_types, new_value=[object], source=unknown"}
{"logTime": "0929/183724", "level": "INFO", "message": "Preference changed: name=extensions.chrome_url_overrides, new_value=[object], source=unknown"}
{"logTime": "0929/183724", "level": "INFO", "message": "Preference changed: name=sessions.session_data_status, new_value=1, source=unknown"}
{"logTime": "0929/183724", "level": "INFO", "message": "Preference changed: name=sessions.event_log, new_value=[object], source=unknown"}
{"logTime": "0929/183724", "level": "INFO", "message": "Preference changed: name=optimization_guide.previously_registered_optimization_types, new_value=[object], source=unknown"}
{"logTime": "0929/183724", "level": "INFO", "message": "Preference changed: name=optimization_guide.previously_registered_optimization_types, new_value=[object], source=unknown"}
{"logTime": "0929/183724", "level": "INFO", "message": "Preference changed: name=optimization_guide.previously_registered_optimization_types, new_value=[object], source=unknown"}
{"logTime": "0929/183724", "level": "INFO", "message": "Preference changed: name=optimization_guide.previously_registered_optimization_types, new_value=[object], source=unknown"}
{"logTime": "0929/183724", "level": "INFO", "message": "Preference changed: name=optimization_guide.previously_registered_optimization_types, new_value=[object], source=unknown"}
{"logTime": "0929/183724", "level": "INFO", "message": "Preference changed: name=profile.network_pbs, new_value=[object], source=unknown"}
{"logTime": "0929/183724", "level": "INFO", "message": "Preference changed: name=profile.password_hash_data_list, new_value=[object], source=unknown"}
{"logTime": "0929/183724", "level": "INFO", "message": "Preference changed: name=schedule_to_flush_to_disk, new_value=\"13435180644050169\", source=unknown"}
{"logTime": "0929/183724", "level": "INFO", "message": "Preference changed: name=schedule_to_flush_to_disk, new_value=\"13435180644051026\", source=unknown"}
{"logTime": "0929/183724", "level": "INFO", "message": "Preference changed: name=edge.services.signin_scoped_device_id, new_value=\"eb5a4964-dbdd-4332-b6fb-7ce830064b29\", source=unknown"}
{"logTime": "0929/183724", "level": "INFO", "message": "Preference changed: name=optimization_guide.previously_registered_optimization_types, new_value=[object], source=unknown"}
{"logTime": "0929/183724", "level": "INFO", "message": "Preference changed: name=extensions.chrome_url_overrides, new_value=[object], source=unknown"}
{"logTime": "0929/183724", "level": "INFO", "message": "Preference changed: name=autofill.credit_card_enabled, new_value=false, source=unknown"}
{"logTime": "0929/183724", "level": "INFO", "message": "Preference changed: name=enable_edge_collections, new_value=false, source=unknown"}
{"logTime": "0929/183724", "level": "INFO", "message": "Preference changed: name=resolve_navigation_errors_use_web_service.enabled, new_value=false, source=unknown"}
{"logTime": "0929/183724", "level": "INFO", "message": "Preference changed: name=alternate_error_pages.enabled, new_value=false, source=unknown"}
{"logTime": "0929/183724", "level": "INFO", "message": "Preference changed: name=optimization_guide.previously_registered_optimization_types, new_value=[object], source=unknown"}
{"logTime": "0929/183724", "level": "INFO", "message": "Preference changed: name=in_product_help.session_last_active_time, new_value=\"13435180644211772\", source=unknown"}
{"logTime": "0929/183724", "level": "INFO", "message": "Preference changed: name=optimization_guide.previously_registered_optimization_types, new_value=[object], source=unknown"}
{"logTime": "0929/183724", "level": "INFO", "message": "Preference changed: name=profile.content_settings.exceptions.storage_access_header_origin_trial, new_value=[object], source=unknown"}
{"logTime": "0929/183724", "level": "INFO", "message": "Preference changed: name=edge_rewards.coachmark_promotions, new_value=[object], source=unknown"}
{"logTime": "0929/183724", "level": "INFO", "message": "Preference changed: name=edge_rewards.hva_promotions, new_value=[object], source=unknown"}
{"logTime": "0929/183734", "level": "INFO", "message": "PrefStore write completed: store=4, success=true"}
{"logTime": "0929/183734", "level": "INFO", "message": "PrefStore write completed: store=4, success=true"}
{"logTime": "0929/183734", "level": "INFO", "message": "Preference changed: name=language_model_counters, new_value=[object], source=unknown"}
{"logTime": "0929/183739", "level": "INFO", "message": "Preference changed: name=in_product_help.session_last_active_time, new_value=\"13435180659215614\", source=unknown"}
{"logTime": "0929/183744", "level": "INFO", "message": "Preference changed: name=profile.content_settings.exceptions.site_engagement, new_value=[object], source=unknown"}
{"logTime": "0929/183744", "level": "INFO", "message": "Preference changed: name=profile.last_engagement_time, new_value=\"13435180664749606\", source=unknown"}
{"logTime": "0929/183756", "level": "INFO", "message": "Preference changed: name=profile.content_settings.exceptions.site_engagement, new_value=[object], source=unknown"}
{"logTime": "0929/183756", "level": "INFO", "message": "Preference changed: name=profile.last_engagement_time, new_value=\"13435180676374211\", source=unknown"}
{"logTime": "0929/183806", "level": "INFO", "message": "Preference changed: name=profile.observed_session_time, new_value=[object], source=unknown"}
{"logTime": "0929/183816", "level": "INFO", "message": "PrefStore write completed: store=4, success=true"}
{"logTime": "0929/183924", "level": "INFO", "message": "Preference changed: name=language_dwell_time_average, new_value=[object], source=unknown"}
{"logTime": "0929/183924", "level": "INFO", "message": "Preference changed: name=language_usage_count, new_value=[object], source=unknown"}
{"logTime": "0929/183924", "level": "INFO", "message": "Preference changed: name=profile.content_settings.exceptions.media_engagement, new_value=[object], source=unknown"}
{"logTime": "0929/183924", "level": "INFO", "message": "Preference changed: name=sessions.session_data_status, new_value=2, source=unknown"}
{"logTime": "0929/183924", "level": "INFO", "message": "Preference changed: name=sessions.session_data_status, new_value=3, source=unknown"}
{"logTime": "0929/183924", "level": "INFO", "message": "Preference changed: name=sessions.event_log, new_value=[object], source=unknown"}
{"logTime": "0929/183941", "level": "INFO", "message": "UserPrefStore loaded: error=NONE (0)"}
{"logTime": "0929/183941", "level": "INFO", "message": "Preference changed: name=optimization_guide.previously_registered_optimization_types, new_value=[object], source=unknown"}
{"logTime": "0929/183941", "level": "INFO", "message": "Preference changed: name=extensions.chrome_url_overrides, new_value=[object], source=unknown"}
{"logTime": "0929/183941", "level": "INFO", "message": "Preference changed: name=sessions.session_data_status, new_value=1, source=unknown"}
{"logTime": "0929/183941", "level": "INFO", "message": "Preference changed: name=sessions.event_log, new_value=[object], source=unknown"}
{"logTime": "0929/183941", "level": "INFO", "message": "Preference changed: name=optimization_guide.previously_registered_optimization_types, new_value=[object], source=unknown"}
{"logTime": "0929/183941", "level": "INFO", "message": "Preference changed: name=optimization_guide.previously_registered_optimization_types, new_value=[object], source=unknown"}
{"logTime": "0929/183941", "level": "INFO", "message": "Preference changed: name=optimization_guide.previously_registered_optimization_types, new_value=[object], source=unknown"}
{"logTime": "0929/183941", "level": "INFO", "message": "Preference changed: name=optimization_guide.previously_registered_optimization_types, new_value=[object], source=unknown"}
{"logTime": "0929/183941", "level": "INFO", "message": "Preference changed: name=optimization_guide.previously_registered_optimization_types, new_value=[object], source=unknown"}
{"logTime": "0929/183941", "level": "INFO", "message": "Preference changed: name=profile.network_pbs, new_value=[object], source=unknown"}
{"logTime": "0929/183941", "level": "INFO", "message": "Preference changed: name=profile.password_hash_data_list, new_value=[object], source=unknown"}
{"logTime": "0929/183941", "level": "INFO", "message": "Preference changed: name=schedule_to_flush_to_disk, new_value=\"13435180781661439\", source=unknown"}
{"logTime": "0929/183941", "level": "INFO", "message": "Preference changed: name=schedule_to_flush_to_disk, new_value=\"13435180781662729\", source=unknown"}
{"logTime": "0929/183941", "level": "INFO", "message": "Preference changed: name=edge.services.signin_scoped_device_id, new_value=\"63f0c59c-b12d-4dfb-be21-c3a0cce93a7b\", source=unknown"}
{"logTime": "0929/183941", "level": "INFO", "message": "Preference changed: name=optimization_guide.previously_registered_optimization_types, new_value=[object], source=unknown"}
{"logTime": "0929/183941", "level": "INFO", "message": "Preference changed: name=extensions.chrome_url_overrides, new_value=[object], source=unknown"}
{"logTime": "0929/183941", "level": "INFO", "message": "Preference changed: name=autofill.credit_card_enabled, new_value=false, source=unknown"}
{"logTime": "0929/183941", "level": "INFO", "message": "Preference changed: name=enable_edge_collections, new_value=false, source=unknown"}
{"logTime": "0929/183941", "level": "INFO", "message": "Preference changed: name=resolve_navigation_errors_use_web_service.enabled, new_value=false, source=unknown"}
{"logTime": "0929/183941", "level": "INFO", "message": "Preference changed: name=alternate_error_pages.enabled, new_value=false, source=unknown"}
{"logTime": "0929/183941", "level": "INFO", "message": "Preference changed: name=optimization_guide.previously_registered_optimization_types, new_value=[object], source=unknown"}
{"logTime": "0929/183941", "level": "INFO", "message": "Preference changed: name=in_product_help.session_last_active_time, new_value=\"13435180781747235\", source=unknown"}
{"logTime": "0929/183941", "level": "INFO", "message": "Preference changed: name=optimization_guide.previously_registered_optimization_types, new_value=[object], source=unknown"}
{"logTime": "0929/183941", "level": "INFO", "message": "Preference changed: name=profile.content_settings.exceptions.storage_access_header_origin_trial, new_value=[object], source=unknown"}
{"logTime": "0929/183941", "level": "INFO", "message": "Preference changed: name=edge_rewards.coachmark_promotions, new_value=[object], source=unknown"}
{"logTime": "0929/183941", "level": "INFO", "message": "Preference changed: name=edge_rewards.hva_promotions, new_value=[object], source=unknown"}
{"logTime": "0929/183948", "level": "INFO", "message": "Preference changed: name=language_model_counters, new_value=[object], source=unknown"}
{"logTime": "0929/183951", "level": "INFO", "message": "PrefStore write completed: store=4, success=true"}
{"logTime": "0929/183951", "level": "INFO", "message": "PrefStore write completed: store=4, success=true"}
{"logTime": "0929/184001", "level": "INFO", "message": "Preference changed: name=profile.observed_session_time, new_value=[object], source=unknown"}
{"logTime": "0929/184011", "level": "INFO", "message": "PrefStore write completed: store=4, success=true"}
{"logTime": "0929/184043", "level": "INFO", "message": "Preference changed: name=profile.content_settings.exceptions.site_engagement, new_value=[object], source=unknown"}
{"logTime": "0929/184043", "level": "INFO", "message": "Preference changed: name=profile.last_engagement_time, new_value=\"13435180843977219\", source=unknown"}
{"logTime": "0929/184056", "level": "INFO", "message": "Preference changed: name=profile.content_settings.exceptions.site_engagement, new_value=[object], source=unknown"}
{"logTime": "0929/184056", "level": "INFO", "message": "Preference changed: name=profile.last_engagement_time, new_value=\"13435180856495857\", source=unknown"}
{"logTime": "0929/184103", "level": "INFO", "message": "Preference changed: name=profile.observed_session_time, new_value=[object], source=unknown"}
{"logTime": "0929/184106", "level": "INFO", "message": "Preference changed: name=language_dwell_time_average, new_value=[object], source=unknown"}
{"logTime": "0929/184106", "level": "INFO", "message": "Preference changed: name=language_usage_count, new_value=[object], source=unknown"}
{"logTime": "0929/184106", "level": "INFO", "message": "Preference changed: name=profile.content_settings.exceptions.media_engagement, new_value=[object], source=unknown"}
{"logTime": "0929/184106", "level": "INFO", "message": "Preference changed: name=sessions.session_data_status, new_value=2, source=unknown"}
{"logTime": "0929/184106", "level": "INFO", "message": "Preference changed: name=sessions.session_data_status, new_value=3, source=unknown"}
{"logTime": "0929/184106", "level": "INFO", "message": "Preference changed: name=sessions.event_log, new_value=[object], source=unknown"}
{"logTime": "0929/184116", "level": "INFO", "message": "UserPrefStore loaded: error=NONE (0)"}
{"logTime": "0929/184116", "level": "INFO", "message": "Preference changed: name=optimization_guide.previously_registered_optimization_types, new_value=[object], source=unknown"}
{"logTime": "0929/184116", "level": "INFO", "message": "Preference changed: name=extensions.chrome_url_overrides, new_value=[object], source=unknown"}
{"logTime": "0929/184116", "level": "INFO", "message": "Preference changed: name=sessions.session_data_status, new_value=1, source=unknown"}
{"logTime": "0929/184116", "level": "INFO", "message": "Preference changed: name=sessions.event_log, new_value=[object], source=unknown"}
{"logTime": "0929/184116", "level": "INFO", "message": "Preference changed: name=optimization_guide.previously_registered_optimization_types, new_value=[object], source=unknown"}
{"logTime": "0929/184116", "level": "INFO", "message": "Preference changed: name=optimization_guide.previously_registered_optimization_types, new_value=[object], source=unknown"}
{"logTime": "0929/184116", "level": "INFO", "message": "Preference changed: name=optimization_guide.previously_registered_optimization_types, new_value=[object], source=unknown"}
{"logTime": "0929/184116", "level": "INFO", "message": "Preference changed: name=optimization_guide.previously_registered_optimization_types, new_value=[object], source=unknown"}
{"logTime": "0929/184116", "level": "INFO", "message": "Preference changed: name=optimization_guide.previously_registered_optimization_types, new_value=[object], source=unknown"}
{"logTime": "0929/184116", "level": "INFO", "message": "Preference changed: name=profile.network_pbs, new_value=[object], source=unknown"}
{"logTime": "0929/184116", "level": "INFO", "message": "Preference changed: name=profile.password_hash_data_list, new_value=[object], source=unknown"}
{"logTime": "0929/184116", "level": "INFO", "message": "Preference changed: name=schedule_to_flush_to_disk, new_value=\"13435180876155962\", source=unknown"}
{"logTime": "0929/184116", "level": "INFO", "message": "Preference changed: name=schedule_to_flush_to_disk, new_value=\"13435180876156850\", source=unknown"}
{"logTime": "0929/184116", "level": "INFO", "message": "Preference changed: name=edge.services.signin_scoped_device_id, new_value=\"aff9c712-65eb-458b-b2d3-b65efee147d9\", source=unknown"}
{"logTime": "0929/184116", "level": "INFO", "message": "Preference changed: name=optimization_guide.previously_registered_optimization_types, new_value=[object], source=unknown"}
{"logTime": "0929/184116", "level": "INFO", "message": "Preference changed: name=extensions.chrome_url_overrides, new_value=[object], source=unknown"}
{"logTime": "0929/184116", "level": "INFO", "message": "Preference changed: name=autofill.credit_card_enabled, new_value=false, source=unknown"}
{"logTime": "0929/184116", "level": "INFO", "message": "Preference changed: name=enable_edge_collections, new_value=false, source=unknown"}
{"logTime": "0929/184116", "level": "INFO", "message": "Preference changed: name=resolve_navigation_errors_use_web_service.enabled, new_value=false, source=unknown"}
{"logTime": "0929/184116", "level": "INFO", "message": "Preference changed: name=alternate_error_pages.enabled, new_value=false, source=unknown"}
{"logTime": "0929/184116", "level": "INFO", "message": "Preference changed: name=optimization_guide.previously_registered_optimization_types, new_value=[object], source=unknown"}
{"logTime": "0929/184116", "level": "INFO", "message": "Preference changed: name=in_product_help.session_last_active_time, new_value=\"13435180876253220\", source=unknown"}
{"logTime": "0929/184116", "level": "INFO", "message": "Preference changed: name=optimization_guide.previously_registered_optimization_types, new_value=[object], source=unknown"}
{"logTime": "0929/184116", "level": "INFO", "message": "Preference changed: name=profile.content_settings.exceptions.storage_access_header_origin_trial, new_value=[object], source=unknown"}
{"logTime": "0929/184116", "level": "INFO", "message": "Preference changed: name=edge_rewards.coachmark_promotions, new_value=[object], source=unknown"}
{"logTime": "0929/184116", "level": "INFO", "message": "Preference changed: name=edge_rewards.hva_promotions, new_value=[object], source=unknown"}
{"logTime": "0929/184126", "level": "INFO", "message": "PrefStore write completed: store=4, success=true"}
{"logTime": "0929/184126", "level": "INFO", "message": "PrefStore write completed: store=4, success=true"}
{"logTime": "0929/184126", "level": "INFO", "message": "Preference changed: name=profile.content_settings.exceptions.site_engagement, new_value=[object], source=unknown"}
{"logTime": "0929/184126", "level": "INFO", "message": "Preference changed: name=profile.last_engagement_time, new_value=\"13435180886633698\", source=unknown"}
{"logTime": "0929/184126", "level": "INFO", "message": "Preference changed: name=profile.content_settings.exceptions.site_engagement, new_value=[object], source=unknown"}
{"logTime": "0929/184126", "level": "INFO", "message": "Preference changed: name=profile.last_engagement_time, new_value=\"13435180886740708\", source=unknown"}
{"logTime": "0929/184126", "level": "INFO", "message": "Preference changed: name=language_model_counters, new_value=[object], source=unknown"}
{"logTime": "0929/184137", "level": "INFO", "message": "Preference changed: name=spellcheck.dictionary, new_value=\"\", source=unknown"}
{"logTime": "0929/184137", "level": "INFO", "message": "Preference changed: name=spellcheck.dictionaries, new_value=[object], source=unknown"}
{"logTime": "0929/184140", "level": "INFO", "message": "Preference changed: name=profile.observed_session_time, new_value=[object], source=unknown"}
{"logTime": "0929/184147", "level": "INFO", "message": "PrefStore write completed: store=4, success=true"}
{"logTime": "0929/184206", "level": "INFO", "message": "Preference changed: name=profile.content_settings.exceptions.site_engagement, new_value=[object], source=unknown"}
{"logTime": "0929/184206", "level": "INFO", "message": "Preference changed: name=profile.last_engagement_time, new_value=\"13435180926710535\", source=unknown"}
{"logTime": "0929/185057", "level": "INFO", "message": "Preference changed: name=language_dwell_time_average, new_value=[object], source=unknown"}
{"logTime": "0929/185057", "level": "INFO", "message": "Preference changed: name=language_usage_count, new_value=[object], source=unknown"}
{"logTime": "0929/185057", "level": "INFO", "message": "Preference changed: name=profile.content_settings.exceptions.media_engagement, new_value=[object], source=unknown"}
{"logTime": "0929/185057", "level": "INFO", "message": "Preference changed: name=sessions.session_data_status, new_value=2, source=unknown"}
{"logTime": "0929/185057", "level": "INFO", "message": "Preference changed: name=sessions.session_data_status, new_value=3, source=unknown"}
{"logTime": "0929/185057", "level": "INFO", "message": "Preference changed: name=sessions.event_log, new_value=[object], source=unknown"}
{"logTime": "0929/185123", "level": "INFO", "message": "UserPrefStore loaded: error=NONE (0)"}
{"logTime": "0929/185123", "level": "INFO", "message": "Preference changed: name=optimization_guide.previously_registered_optimization_types, new_value=[object], source=unknown"}
{"logTime": "0929/185123", "level": "INFO", "message": "Preference changed: name=extensions.chrome_url_overrides, new_value=[object], source=unknown"}
{"logTime": "0929/185123", "level": "INFO", "message": "Preference changed: name=sessions.session_data_status, new_value=1, source=unknown"}
{"logTime": "0929/185123", "level": "INFO", "message": "Preference changed: name=sessions.event_log, new_value=[object], source=unknown"}
{"logTime": "0929/185123", "level": "INFO", "message": "Preference changed: name=optimization_guide.previously_registered_optimization_types, new_value=[object], source=unknown"}
{"logTime": "0929/185123", "level": "INFO", "message": "Preference changed: name=optimization_guide.previously_registered_optimization_types, new_value=[object], source=unknown"}
{"logTime": "0929/185123", "level": "INFO", "message": "Preference changed: name=optimization_guide.previously_registered_optimization_types, new_value=[object], source=unknown"}
{"logTime": "0929/185123", "level": "INFO", "message": "Preference changed: name=optimization_guide.previously_registered_optimization_types, new_value=[object], source=unknown"}
{"logTime": "0929/185123", "level": "INFO", "message": "Preference changed: name=optimization_guide.previously_registered_optimization_types, new_value=[object], source=unknown"}
{"logTime": "0929/185123", "level": "INFO", "message": "Preference changed: name=profile.network_pbs, new_value=[object], source=unknown"}
{"logTime": "0929/185123", "level": "INFO", "message": "Preference changed: name=profile.password_hash_data_list, new_value=[object], source=unknown"}
{"logTime": "0929/185123", "level": "INFO", "message": "Preference changed: name=schedule_to_flush_to_disk, new_value=\"13435181483361580\", source=unknown"}
{"logTime": "0929/185123", "level": "INFO", "message": "Preference changed: name=schedule_to_flush_to_disk, new_value=\"13435181483362751\", source=unknown"}
{"logTime": "0929/185123", "level": "INFO", "message": "Preference changed: name=edge.services.signin_scoped_device_id, new_value=\"44268a67-7b01-4eed-a03e-fd4eaf03148b\", source=unknown"}
{"logTime": "0929/185123", "level": "INFO", "message": "Preference changed: name=optimization_guide.previously_registered_optimization_types, new_value=[object], source=unknown"}
{"logTime": "0929/185123", "level": "INFO", "message": "Preference changed: name=extensions.chrome_url_overrides, new_value=[object], source=unknown"}
{"logTime": "0929/185123", "level": "INFO", "message": "Preference changed: name=autofill.credit_card_enabled, new_value=false, source=unknown"}
{"logTime": "0929/185123", "level": "INFO", "message": "Preference changed: name=enable_edge_collections, new_value=false, source=unknown"}
{"logTime": "0929/185123", "level": "INFO", "message": "Preference changed: name=resolve_navigation_errors_use_web_service.enabled, new_value=false, source=unknown"}
{"logTime": "0929/185123", "level": "INFO", "message": "Preference changed: name=alternate_error_pages.enabled, new_value=false, source=unknown"}
{"logTime": "0929/185123", "level": "INFO", "message": "Preference changed: name=optimization_guide.previously_registered_optimization_types, new_value=[object], source=unknown"}
{"logTime": "0929/185123", "level": "INFO", "message": "Preference changed: name=in_product_help.session_last_active_time, new_value=\"13435181483521864\", source=unknown"}
{"logTime": "0929/185123", "level": "INFO", "message": "Preference changed: name=optimization_guide.previously_registered_optimization_types, new_value=[object], source=unknown"}
{"logTime": "0929/185123", "level": "INFO", "message": "Preference changed: name=profile.content_settings.exceptions.storage_access_header_origin_trial, new_value=[object], source=unknown"}
{"logTime": "0929/185123", "level": "INFO", "message": "Preference changed: name=edge_rewards.coachmark_promotions, new_value=[object], source=unknown"}
{"logTime": "0929/185123", "level": "INFO", "message": "Preference changed: name=edge_rewards.hva_promotions, new_value=[object], source=unknown"}
{"logTime": "0929/185133", "level": "INFO", "message": "PrefStore write completed: store=4, success=true"}
{"logTime": "0929/185133", "level": "INFO", "message": "PrefStore write completed: store=4, success=true"}
{"logTime": "0929/185223", "level": "INFO", "message": "Preference changed: name=in_product_help.session_last_active_time, new_value=\"13435181543543327\", source=unknown"}
{"logTime": "0929/185229", "level": "INFO", "message": "Preference changed: name=profile.observed_session_time, new_value=[object], source=unknown"}
{"logTime": "0929/185239", "level": "INFO", "message": "PrefStore write completed: store=4, success=true"}
{"logTime": "0929/185254", "level": "INFO", "message": "Preference changed: name=profile.observed_session_time, new_value=[object], source=unknown"}
{"logTime": "0929/185254", "level": "INFO", "message": "Preference changed: name=sessions.session_data_status, new_value=2, source=unknown"}
{"logTime": "0929/185254", "level": "INFO", "message": "Preference changed: name=sessions.session_data_status, new_value=3, source=unknown"}
{"logTime": "0929/185254", "level": "INFO", "message": "Preference changed: name=sessions.event_log, new_value=[object], source=unknown"}
{"logTime": "0929/185440", "level": "INFO", "message": "UserPrefStore loaded: error=NONE (0)"}
{"logTime": "0929/185440", "level": "INFO", "message": "Preference changed: name=optimization_guide.previously_registered_optimization_types, new_value=[object], source=unknown"}
{"logTime": "0929/185440", "level": "INFO", "message": "Preference changed: name=extensions.chrome_url_overrides, new_value=[object], source=unknown"}
{"logTime": "0929/185440", "level": "INFO", "message": "Preference changed: name=sessions.session_data_status, new_value=1, source=unknown"}
{"logTime": "0929/185440", "level": "INFO", "message": "Preference changed: name=sessions.event_log, new_value=[object], source=unknown"}
{"logTime": "0929/185440", "level": "INFO", "message": "Preference changed: name=optimization_guide.previously_registered_optimization_types, new_value=[object], source=unknown"}
{"logTime": "0929/185440", "level": "INFO", "message": "Preference changed: name=optimization_guide.previously_registered_optimization_types, new_value=[object], source=unknown"}
{"logTime": "0929/185440", "level": "INFO", "message": "Preference changed: name=optimization_guide.previously_registered_optimization_types, new_value=[object], source=unknown"}
{"logTime": "0929/185440", "level": "INFO", "message": "Preference changed: name=optimization_guide.previously_registered_optimization_types, new_value=[object], source=unknown"}
{"logTime": "0929/185440", "level": "INFO", "message": "Preference changed: name=optimization_guide.previously_registered_optimization_types, new_value=[object], source=unknown"}
{"logTime": "0929/185440", "level": "INFO", "message": "Preference changed: name=profile.network_pbs, new_value=[object], source=unknown"}
{"logTime": "0929/185440", "level": "INFO", "message": "Preference changed: name=profile.password_hash_data_list, new_value=[object], source=unknown"}
{"logTime": "0929/185440", "level": "INFO", "message": "Preference changed: name=schedule_to_flush_to_disk, new_value=\"13435181680570911\", source=unknown"}
{"logTime": "0929/185440", "level": "INFO", "message": "Preference changed: name=schedule_to_flush_to_disk, new_value=\"13435181680571896\", source=unknown"}
{"logTime": "0929/185440", "level": "INFO", "message": "Preference changed: name=edge.services.signin_scoped_device_id, new_value=\"2d1cc4c0-f9f7-486f-90b4-b9c2ab9eeaae\", source=unknown"}
{"logTime": "0929/185440", "level": "INFO", "message": "Preference changed: name=optimization_guide.previously_registered_optimization_types, new_value=[object], source=unknown"}
{"logTime": "0929/185440", "level": "INFO", "message": "Preference changed: name=extensions.chrome_url_overrides, new_value=[object], source=unknown"}
{"logTime": "0929/185440", "level": "INFO", "message": "Preference changed: name=autofill.credit_card_enabled, new_value=false, source=unknown"}
{"logTime": "0929/185440", "level": "INFO", "message": "Preference changed: name=enable_edge_collections, new_value=false, source=unknown"}
{"logTime": "0929/185440", "level": "INFO", "message": "Preference changed: name=resolve_navigation_errors_use_web_service.enabled, new_value=false, source=unknown"}
{"logTime": "0929/185440", "level": "INFO", "message": "Preference changed: name=alternate_error_pages.enabled, new_value=false, source=unknown"}
{"logTime": "0929/185440", "level": "INFO", "message": "Preference changed: name=optimization_guide.previously_registered_optimization_types, new_value=[object], source=unknown"}
{"logTime": "0929/185440", "level": "INFO", "message": "Preference changed: name=in_product_help.session_last_active_time, new_value=\"13435181680684127\", source=unknown"}
{"logTime": "0929/185440", "level": "INFO", "message": "Preference changed: name=optimization_guide.previously_registered_optimization_types, new_value=[object], source=unknown"}
{"logTime": "0929/185440", "level": "INFO", "message": "Preference changed: name=profile.content_settings.exceptions.storage_access_header_origin_trial, new_value=[object], source=unknown"}
{"logTime": "0929/185440", "level": "INFO", "message": "Preference changed: name=edge_rewards.coachmark_promotions, new_value=[object], source=unknown"}
{"logTime": "0929/185440", "level": "INFO", "message": "Preference changed: name=edge_rewards.hva_promotions, new_value=[object], source=unknown"}
{"logTime": "0929/185450", "level": "INFO", "message": "PrefStore write completed: store=4, success=true"}
{"logTime": "0929/185450", "level": "INFO", "message": "PrefStore write completed: store=4, success=true"}
{"logTime": "0929/185741", "level": "INFO", "message": "Preference changed: name=sessions.session_data_status, new_value=2, source=unknown"}
{"logTime": "0929/185741", "level": "INFO", "message": "Preference changed: name=sessions.session_data_status, new_value=3, source=unknown"}
{"logTime": "0929/185741", "level": "INFO", "message": "Preference changed: name=sessions.event_log, new_value=[object], source=unknown"}
{"logTime": "0929/223726", "level": "INFO", "message": "UserPrefStore loaded: error=NONE (0)"}
{"logTime": "0929/223726", "level": "INFO", "message": "Preference changed: name=optimization_guide.previously_registered_optimization_types, new_value=[object], source=unknown"}
{"logTime": "0929/223726", "level": "INFO", "message": "Preference changed: name=extensions.chrome_url_overrides, new_value=[object], source=unknown"}
{"logTime": "0929/223726", "level": "INFO", "message": "Preference changed: name=sessions.session_data_status, new_value=1, source=unknown"}
{"logTime": "0929/223726", "level": "INFO", "message": "Preference changed: name=sessions.event_log, new_value=[object], source=unknown"}
{"logTime": "0929/223726", "level": "INFO", "message": "Preference changed: name=optimization_guide.previously_registered_optimization_types, new_value=[object], source=unknown"}
{"logTime": "0929/223726", "level": "INFO", "message": "Preference changed: name=optimization_guide.previously_registered_optimization_types, new_value=[object], source=unknown"}
{"logTime": "0929/223726", "level": "INFO", "message": "Preference changed: name=optimization_guide.previously_registered_optimization_types, new_value=[object], source=unknown"}
{"logTime": "0929/223726", "level": "INFO", "message": "Preference changed: name=optimization_guide.previously_registered_optimization_types, new_value=[object], source=unknown"}
{"logTime": "0929/223726", "level": "INFO", "message": "Preference changed: name=optimization_guide.previously_registered_optimization_types, new_value=[object], source=unknown"}
{"logTime": "0929/223726", "level": "INFO", "message": "Preference changed: name=profile.network_pbs, new_value=[object], source=unknown"}
{"logTime": "0929/223726", "level": "INFO", "message": "Preference changed: name=profile.password_hash_data_list, new_value=[object], source=unknown"}
{"logTime": "0929/223726", "level": "INFO", "message": "Preference changed: name=schedule_to_flush_to_disk, new_value=\"13435195046885515\", source=unknown"}
{"logTime": "0929/223726", "level": "INFO", "message": "Preference changed: name=schedule_to_flush_to_disk, new_value=\"13435195046886589\", source=unknown"}
{"logTime": "0929/223726", "level": "INFO", "message": "Preference changed: name=edge.services.signin_scoped_device_id, new_value=\"dfe0048e-8fb9-40dc-a60b-fdd0f972ee7f\", source=unknown"}
{"logTime": "0929/223726", "level": "INFO", "message": "Preference changed: name=optimization_guide.previously_registered_optimization_types, new_value=[object], source=unknown"}
{"logTime": "0929/223726", "level": "INFO", "message": "Preference changed: name=extensions.chrome_url_overrides, new_value=[object], source=unknown"}
{"logTime": "0929/223726", "level": "INFO", "message": "Preference changed: name=autofill.credit_card_enabled, new_value=false, source=unknown"}
{"logTime": "0929/223726", "level": "INFO", "message": "Preference changed: name=enable_edge_collections, new_value=false, source=unknown"}
{"logTime": "0929/223726", "level": "INFO", "message": "Preference changed: name=resolve_navigation_errors_use_web_service.enabled, new_value=false, source=unknown"}
{"logTime": "0929/223726", "level": "INFO", "message": "Preference changed: name=alternate_error_pages.enabled, new_value=false, source=unknown"}
{"logTime": "0929/223726", "level": "INFO", "message": "Preference changed: name=optimization_guide.previously_registered_optimization_types, new_value=[object], source=unknown"}
{"logTime": "0929/223726", "level": "INFO", "message": "Preference changed: name=in_product_help.session_last_active_time, new_value=\"13435195046980183\", source=unknown"}
{"logTime": "0929/223727", "level": "INFO", "message": "Preference changed: name=optimization_guide.previously_registered_optimization_types, new_value=[object], source=unknown"}
{"logTime": "0929/223727", "level": "INFO", "message": "Preference changed: name=profile.content_settings.exceptions.storage_access_header_origin_trial, new_value=[object], source=unknown"}
{"logTime": "0929/223728", "level": "INFO", "message": "Preference changed: name=edge_rewards.coachmark_promotions, new_value=[object], source=unknown"}
{"logTime": "0929/223728", "level": "INFO", "message": "Preference changed: name=edge_rewards.hva_promotions, new_value=[object], source=unknown"}
{"logTime": "0929/223728", "level": "INFO", "message": "Preference changed: name=profile.content_settings.exceptions.site_engagement, new_value=[object], source=unknown"}
{"logTime": "0929/223728", "level": "INFO", "message": "Preference changed: name=profile.last_engagement_time, new_value=\"13435195048732971\", source=unknown"}
{"logTime": "0929/223729", "level": "INFO", "message": "Preference changed: name=language_model_counters, new_value=[object], source=unknown"}
{"logTime": "0929/223736", "level": "INFO", "message": "PrefStore write completed: store=4, success=true"}
{"logTime": "0929/223736", "level": "INFO", "message": "PrefStore write completed: store=4, success=true"}
{"logTime": "0929/223804", "level": "INFO", "message": "Preference changed: name=profile.content_settings.exceptions.site_engagement, new_value=[object], source=unknown"}
{"logTime": "0929/223804", "level": "INFO", "message": "Preference changed: name=profile.last_engagement_time, new_value=\"13435195084942362\", source=unknown"}
{"logTime": "0929/223830", "level": "INFO", "message": "Preference changed: name=profile.content_settings.exceptions.site_engagement, new_value=[object], source=unknown"}
{"logTime": "0929/223830", "level": "INFO", "message": "Preference changed: name=profile.last_engagement_time, new_value=\"13435195110069221\", source=unknown"}
{"logTime": "0929/223846", "level": "INFO", "message": "Preference changed: name=profile.observed_session_time, new_value=[object], source=unknown"}
{"logTime": "0929/223856", "level": "INFO", "message": "PrefStore write completed: store=4, success=true"}
{"logTime": "0929/224025", "level": "INFO", "message": "Preference changed: name=language_dwell_time_average, new_value=[object], source=unknown"}
{"logTime": "0929/224025", "level": "INFO", "message": "Preference changed: name=language_usage_count, new_value=[object], source=unknown"}
{"logTime": "0929/224025", "level": "INFO", "message": "Preference changed: name=profile.content_settings.exceptions.media_engagement, new_value=[object], source=unknown"}
{"logTime": "0929/224025", "level": "INFO", "message": "Preference changed: name=sessions.session_data_status, new_value=2, source=unknown"}
{"logTime": "0929/224025", "level": "INFO", "message": "Preference changed: name=sessions.session_data_status, new_value=3, source=unknown"}
{"logTime": "0929/224025", "level": "INFO", "message": "Preference changed: name=sessions.event_log, new_value=[object], source=unknown"}
{"logTime": "0929/224251", "level": "INFO", "message": "UserPrefStore loaded: error=NONE (0)"}
{"logTime": "0929/224251", "level": "INFO", "message": "Preference changed: name=optimization_guide.previously_registered_optimization_types, new_value=[object], source=unknown"}
{"logTime": "0929/224251", "level": "INFO", "message": "Preference changed: name=extensions.chrome_url_overrides, new_value=[object], source=unknown"}
{"logTime": "0929/224251", "level": "INFO", "message": "Preference changed: name=sessions.session_data_status, new_value=1, source=unknown"}
{"logTime": "0929/224251", "level": "INFO", "message": "Preference changed: name=sessions.event_log, new_value=[object], source=unknown"}
{"logTime": "0929/224251", "level": "INFO", "message": "Preference changed: name=optimization_guide.previously_registered_optimization_types, new_value=[object], source=unknown"}
{"logTime": "0929/224251", "level": "INFO", "message": "Preference changed: name=optimization_guide.previously_registered_optimization_types, new_value=[object], source=unknown"}
{"logTime": "0929/224251", "level": "INFO", "message": "Preference changed: name=optimization_guide.previously_registered_optimization_types, new_value=[object], source=unknown"}
{"logTime": "0929/224251", "level": "INFO", "message": "Preference changed: name=optimization_guide.previously_registered_optimization_types, new_value=[object], source=unknown"}
{"logTime": "0929/224251", "level": "INFO", "message": "Preference changed: name=optimization_guide.previously_registered_optimization_types, new_value=[object], source=unknown"}
{"logTime": "0929/224251", "level": "INFO", "message": "Preference changed: name=profile.network_pbs, new_value=[object], source=unknown"}
{"logTime": "0929/224251", "level": "INFO", "message": "Preference changed: name=profile.password_hash_data_list, new_value=[object], source=unknown"}
{"logTime": "0929/224251", "level": "INFO", "message": "Preference changed: name=schedule_to_flush_to_disk, new_value=\"13435195371307013\", source=unknown"}
{"logTime": "0929/224251", "level": "INFO", "message": "Preference changed: name=schedule_to_flush_to_disk, new_value=\"13435195371307899\", source=unknown"}
{"logTime": "0929/224251", "level": "INFO", "message": "Preference changed: name=edge.services.signin_scoped_device_id, new_value=\"389d7e16-9930-40f1-b95d-f49d02da17b3\", source=unknown"}
{"logTime": "0929/224251", "level": "INFO", "message": "Preference changed: name=optimization_guide.previously_registered_optimization_types, new_value=[object], source=unknown"}
{"logTime": "0929/224251", "level": "INFO", "message": "Preference changed: name=extensions.chrome_url_overrides, new_value=[object], source=unknown"}
{"logTime": "0929/224251", "level": "INFO", "message": "Preference changed: name=autofill.credit_card_enabled, new_value=false, source=unknown"}
{"logTime": "0929/224251", "level": "INFO", "message": "Preference changed: name=enable_edge_collections, new_value=false, source=unknown"}
{"logTime": "0929/224251", "level": "INFO", "message": "Preference changed: name=resolve_navigation_errors_use_web_service.enabled, new_value=false, source=unknown"}
{"logTime": "0929/224251", "level": "INFO", "message": "Preference changed: name=alternate_error_pages.enabled, new_value=false, source=unknown"}
{"logTime": "0929/224251", "level": "INFO", "message": "Preference changed: name=optimization_guide.previously_registered_optimization_types, new_value=[object], source=unknown"}
{"logTime": "0929/224251", "level": "INFO", "message": "Preference changed: name=in_product_help.session_last_active_time, new_value=\"13435195371382782\", source=unknown"}
{"logTime": "0929/224251", "level": "INFO", "message": "Preference changed: name=optimization_guide.previously_registered_optimization_types, new_value=[object], source=unknown"}
{"logTime": "0929/224251", "level": "INFO", "message": "Preference changed: name=profile.content_settings.exceptions.storage_access_header_origin_trial, new_value=[object], source=unknown"}
{"logTime": "0929/224251", "level": "INFO", "message": "Preference changed: name=edge_rewards.coachmark_promotions, new_value=[object], source=unknown"}
{"logTime": "0929/224251", "level": "INFO", "message": "Preference changed: name=edge_rewards.hva_promotions, new_value=[object], source=unknown"}
{"logTime": "0929/224259", "level": "INFO", "message": "Preference changed: name=language_dwell_time_average, new_value=[object], source=unknown"}
{"logTime": "0929/224259", "level": "INFO", "message": "Preference changed: name=language_usage_count, new_value=[object], source=unknown"}
{"logTime": "0929/224259", "level": "INFO", "message": "Preference changed: name=language_model_counters, new_value=[object], source=unknown"}
{"logTime": "0929/224301", "level": "INFO", "message": "PrefStore write completed: store=4, success=true"}
{"logTime": "0929/224301", "level": "INFO", "message": "PrefStore write completed: store=4, success=true"}
{"logTime": "0929/224305", "level": "INFO", "message": "Preference changed: name=profile.observed_session_time, new_value=[object], source=unknown"}
{"logTime": "0929/224310", "level": "INFO", "message": "Preference changed: name=profile.content_settings.exceptions.site_engagement, new_value=[object], source=unknown"}
{"logTime": "0929/224310", "level": "INFO", "message": "Preference changed: name=profile.last_engagement_time, new_value=\"13435195390322693\", source=unknown"}
{"logTime": "0929/224315", "level": "INFO", "message": "PrefStore write completed: store=4, success=true"}
{"logTime": "0929/224327", "level": "INFO", "message": "Preference changed: name=profile.content_settings.exceptions.site_engagement, new_value=[object], source=unknown"}
{"logTime": "0929/224327", "level": "INFO", "message": "Preference changed: name=profile.last_engagement_time, new_value=\"13435195407799104\", source=unknown"}
{"logTime": "0929/224330", "level": "INFO", "message": "Preference changed: name=language_dwell_time_average, new_value=[object], source=unknown"}
{"logTime": "0929/224330", "level": "INFO", "message": "Preference changed: name=language_usage_count, new_value=[object], source=unknown"}
{"logTime": "0929/224330", "level": "INFO", "message": "Preference changed: name=profile.content_settings.exceptions.media_engagement, new_value=[object], source=unknown"}
{"logTime": "0929/224330", "level": "INFO", "message": "Preference changed: name=profile.observed_session_time, new_value=[object], source=unknown"}
{"logTime": "0929/224330", "level": "INFO", "message": "Preference changed: name=sessions.session_data_status, new_value=2, source=unknown"}
{"logTime": "0929/224330", "level": "INFO", "message": "Preference changed: name=sessions.session_data_status, new_value=3, source=unknown"}
{"logTime": "0929/224330", "level": "INFO", "message": "Preference changed: name=sessions.event_log, new_value=[object], source=unknown"}
{"logTime": "0929/230147", "level": "INFO", "message": "UserPrefStore loaded: error=NONE (0)"}
{"logTime": "0929/230147", "level": "INFO", "message": "Preference changed: name=optimization_guide.previously_registered_optimization_types, new_value=[object], source=unknown"}
{"logTime": "0929/230147", "level": "INFO", "message": "Preference changed: name=extensions.chrome_url_overrides, new_value=[object], source=unknown"}
{"logTime": "0929/230147", "level": "INFO", "message": "Preference changed: name=sessions.session_data_status, new_value=1, source=unknown"}
{"logTime": "0929/230147", "level": "INFO", "message": "Preference changed: name=sessions.event_log, new_value=[object], source=unknown"}
{"logTime": "0929/230147", "level": "INFO", "message": "Preference changed: name=optimization_guide.previously_registered_optimization_types, new_value=[object], source=unknown"}
{"logTime": "0929/230147", "level": "INFO", "message": "Preference changed: name=optimization_guide.previously_registered_optimization_types, new_value=[object], source=unknown"}
{"logTime": "0929/230147", "level": "INFO", "message": "Preference changed: name=optimization_guide.previously_registered_optimization_types, new_value=[object], source=unknown"}
{"logTime": "0929/230147", "level": "INFO", "message": "Preference changed: name=optimization_guide.previously_registered_optimization_types, new_value=[object], source=unknown"}
{"logTime": "0929/230147", "level": "INFO", "message": "Preference changed: name=optimization_guide.previously_registered_optimization_types, new_value=[object], source=unknown"}
{"logTime": "0929/230147", "level": "INFO", "message": "Preference changed: name=profile.network_pbs, new_value=[object], source=unknown"}
{"logTime": "0929/230147", "level": "INFO", "message": "Preference changed: name=profile.password_hash_data_list, new_value=[object], source=unknown"}
{"logTime": "0929/230147", "level": "INFO", "message": "Preference changed: name=schedule_to_flush_to_disk, new_value=\"13435196507433254\", source=unknown"}
{"logTime": "0929/230147", "level": "INFO", "message": "Preference changed: name=schedule_to_flush_to_disk, new_value=\"13435196507434225\", source=unknown"}
{"logTime": "0929/230147", "level": "INFO", "message": "Preference changed: name=edge.services.signin_scoped_device_id, new_value=\"bba80ffe-97e8-4ea7-ac21-b0e5fe32abc6\", source=unknown"}
{"logTime": "0929/230147", "level": "INFO", "message": "Preference changed: name=optimization_guide.previously_registered_optimization_types, new_value=[object], source=unknown"}
{"logTime": "0929/230147", "level": "INFO", "message": "Preference changed: name=extensions.chrome_url_overrides, new_value=[object], source=unknown"}
{"logTime": "0929/230147", "level": "INFO", "message": "Preference changed: name=autofill.credit_card_enabled, new_value=false, source=unknown"}
{"logTime": "0929/230147", "level": "INFO", "message": "Preference changed: name=enable_edge_collections, new_value=false, source=unknown"}
{"logTime": "0929/230147", "level": "INFO", "message": "Preference changed: name=resolve_navigation_errors_use_web_service.enabled, new_value=false, source=unknown"}
{"logTime": "0929/230147", "level": "INFO", "message": "Preference changed: name=alternate_error_pages.enabled, new_value=false, source=unknown"}
{"logTime": "0929/230147", "level": "INFO", "message": "Preference changed: name=optimization_guide.previously_registered_optimization_types, new_value=[object], source=unknown"}
{"logTime": "0929/230147", "level": "INFO", "message": "Preference changed: name=in_product_help.session_last_active_time, new_value=\"13435196507541419\", source=unknown"}
{"logTime": "0929/230147", "level": "INFO", "message": "Preference changed: name=optimization_guide.previously_registered_optimization_types, new_value=[object], source=unknown"}
{"logTime": "0929/230147", "level": "INFO", "message": "Preference changed: name=profile.content_settings.exceptions.storage_access_header_origin_trial, new_value=[object], source=unknown"}
{"logTime": "0929/230148", "level": "INFO", "message": "Preference changed: name=edge_rewards.coachmark_promotions, new_value=[object], source=unknown"}
{"logTime": "0929/230148", "level": "INFO", "message": "Preference changed: name=edge_rewards.hva_promotions, new_value=[object], source=unknown"}
{"logTime": "0929/230157", "level": "INFO", "message": "Preference changed: name=language_dwell_time_average, new_value=[object], source=unknown"}
{"logTime": "0929/230157", "level": "INFO", "message": "Preference changed: name=language_usage_count, new_value=[object], source=unknown"}
{"logTime": "0929/230157", "level": "INFO", "message": "Preference changed: name=language_model_counters, new_value=[object], source=unknown"}
{"logTime": "0929/230157", "level": "INFO", "message": "PrefStore write completed: store=4, success=true"}
{"logTime": "0929/230157", "level": "INFO", "message": "PrefStore write completed: store=4, success=true"}
{"logTime": "0929/230210", "level": "INFO", "message": "Preference changed: name=profile.content_settings.exceptions.site_engagement, new_value=[object], source=unknown"}
{"logTime": "0929/230210", "level": "INFO", "message": "Preference changed: name=profile.last_engagement_time, new_value=\"13435196530448581\", source=unknown"}
{"logTime": "0929/230217", "level": "INFO", "message": "Preference changed: name=in_product_help.session_last_active_time, new_value=\"13435196533566280\", source=unknown"}
{"logTime": "0929/230232", "level": "INFO", "message": "Preference changed: name=in_product_help.session_last_active_time, new_value=\"13435196541578680\", source=unknown"}
{"logTime": "0929/230255", "level": "INFO", "message": "Preference changed: name=profile.content_settings.exceptions.site_engagement, new_value=[object], source=unknown"}
{"logTime": "0929/230255", "level": "INFO", "message": "Preference changed: name=profile.last_engagement_time, new_value=\"13435196575504166\", source=unknown"}
{"logTime": "0929/230303", "level": "INFO", "message": "Preference changed: name=profile.observed_session_time, new_value=[object], source=unknown"}
{"logTime": "0929/230306", "level": "INFO", "message": "Preference changed: name=profile.content_settings.exceptions.site_engagement, new_value=[object], source=unknown"}
{"logTime": "0929/230306", "level": "INFO", "message": "Preference changed: name=profile.last_engagement_time, new_value=\"13435196586277185\", source=unknown"}
{"logTime": "0929/230313", "level": "INFO", "message": "PrefStore write completed: store=4, success=true"}
{"logTime": "0929/230331", "level": "INFO", "message": "Preference changed: name=profile.content_settings.exceptions.site_engagement, new_value=[object], source=unknown"}
{"logTime": "0929/230331", "level": "INFO", "message": "Preference changed: name=profile.last_engagement_time, new_value=\"13435196611185667\", source=unknown"}
{"logTime": "0929/230336", "level": "INFO", "message": "Preference changed: name=profile.observed_session_time, new_value=[object], source=unknown"}
{"logTime": "0929/230346", "level": "INFO", "message": "PrefStore write completed: store=4, success=true"}
{"logTime": "0929/230358", "level": "INFO", "message": "Preference changed: name=profile.content_settings.exceptions.site_engagement, new_value=[object], source=unknown"}
{"logTime": "0929/230358", "level": "INFO", "message": "Preference changed: name=profile.last_engagement_time, new_value=\"13435196638542840\", source=unknown"}
{"logTime": "0929/230402", "level": "INFO", "message": "Preference changed: name=in_product_help.session_last_active_time, new_value=\"13435196642641740\", source=unknown"}
{"logTime": "0929/230408", "level": "INFO", "message": "Preference changed: name=profile.content_settings.exceptions.site_engagement, new_value=[object], source=unknown"}
{"logTime": "0929/230408", "level": "INFO", "message": "Preference changed: name=profile.last_engagement_time, new_value=\"13435196648892661\", source=unknown"}
{"logTime": "0929/230424", "level": "INFO", "message": "Preference changed: name=profile.observed_session_time, new_value=[object], source=unknown"}
{"logTime": "0929/230434", "level": "INFO", "message": "PrefStore write completed: store=4, success=true"}
{"logTime": "0929/230436", "level": "INFO", "message": "Preference changed: name=language_dwell_time_average, new_value=[object], source=unknown"}
{"logTime": "0929/230436", "level": "INFO", "message": "Preference changed: name=language_usage_count, new_value=[object], source=unknown"}
{"logTime": "0929/230436", "level": "INFO", "message": "Preference changed: name=profile.content_settings.exceptions.media_engagement, new_value=[object], source=unknown"}
{"logTime": "0929/230436", "level": "INFO", "message": "Preference changed: name=sessions.session_data_status, new_value=2, source=unknown"}
{"logTime": "0929/230436", "level": "INFO", "message": "Preference changed: name=sessions.session_data_status, new_value=3, source=unknown"}
{"logTime": "0929/230436", "level": "INFO", "message": "Preference changed: name=sessions.event_log, new_value=[object], source=unknown"}
{"logTime": "0929/231633", "level": "INFO", "message": "UserPrefStore loaded: error=NONE (0)"}
{"logTime": "0929/231633", "level": "INFO", "message": "Preference changed: name=optimization_guide.previously_registered_optimization_types, new_value=[object], source=unknown"}
{"logTime": "0929/231633", "level": "INFO", "message": "Preference changed: name=extensions.chrome_url_overrides, new_value=[object], source=unknown"}
{"logTime": "0929/231633", "level": "INFO", "message": "Preference changed: name=sessions.session_data_status, new_value=1, source=unknown"}
{"logTime": "0929/231633", "level": "INFO", "message": "Preference changed: name=sessions.event_log, new_value=[object], source=unknown"}
{"logTime": "0929/231633", "level": "INFO", "message": "Preference changed: name=optimization_guide.previously_registered_optimization_types, new_value=[object], source=unknown"}
{"logTime": "0929/231633", "level": "INFO", "message": "Preference changed: name=optimization_guide.previously_registered_optimization_types, new_value=[object], source=unknown"}
{"logTime": "0929/231633", "level": "INFO", "message": "Preference changed: name=optimization_guide.previously_registered_optimization_types, new_value=[object], source=unknown"}
{"logTime": "0929/231633", "level": "INFO", "message": "Preference changed: name=optimization_guide.previously_registered_optimization_types, new_value=[object], source=unknown"}
{"logTime": "0929/231633", "level": "INFO", "message": "Preference changed: name=optimization_guide.previously_registered_optimization_types, new_value=[object], source=unknown"}
{"logTime": "0929/231633", "level": "INFO", "message": "Preference changed: name=profile.network_pbs, new_value=[object], source=unknown"}
{"logTime": "0929/231633", "level": "INFO", "message": "Preference changed: name=profile.password_hash_data_list, new_value=[object], source=unknown"}
{"logTime": "0929/231633", "level": "INFO", "message": "Preference changed: name=schedule_to_flush_to_disk, new_value=\"13435197393696834\", source=unknown"}
{"logTime": "0929/231633", "level": "INFO", "message": "Preference changed: name=schedule_to_flush_to_disk, new_value=\"13435197393699236\", source=unknown"}
{"logTime": "0929/231633", "level": "INFO", "message": "Preference changed: name=edge.services.signin_scoped_device_id, new_value=\"68035e6c-ae03-47fd-aaa2-46c953c1a13f\", source=unknown"}
{"logTime": "0929/231633", "level": "INFO", "message": "Preference changed: name=optimization_guide.previously_registered_optimization_types, new_value=[object], source=unknown"}
{"logTime": "0929/231633", "level": "INFO", "message": "Preference changed: name=extensions.chrome_url_overrides, new_value=[object], source=unknown"}
{"logTime": "0929/231633", "level": "INFO", "message": "Preference changed: name=autofill.credit_card_enabled, new_value=false, source=unknown"}
{"logTime": "0929/231633", "level": "INFO", "message": "Preference changed: name=enable_edge_collections, new_value=false, source=unknown"}
{"logTime": "0929/231633", "level": "INFO", "message": "Preference changed: name=resolve_navigation_errors_use_web_service.enabled, new_value=false, source=unknown"}
{"logTime": "0929/231633", "level": "INFO", "message": "Preference changed: name=alternate_error_pages.enabled, new_value=false, source=unknown"}
{"logTime": "0929/231633", "level": "INFO", "message": "Preference changed: name=optimization_guide.previously_registered_optimization_types, new_value=[object], source=unknown"}
{"logTime": "0929/231635", "level": "INFO", "message": "Preference changed: name=in_product_help.session_last_active_time, new_value=\"13435197395025992\", source=unknown"}
{"logTime": "0929/231635", "level": "INFO", "message": "Preference changed: name=optimization_guide.previously_registered_optimization_types, new_value=[object], source=unknown"}
{"logTime": "0929/231635", "level": "INFO", "message": "Preference changed: name=profile.content_settings.exceptions.storage_access_header_origin_trial, new_value=[object], source=unknown"}
{"logTime": "0929/231635", "level": "INFO", "message": "Preference changed: name=edge_rewards.coachmark_promotions, new_value=[object], source=unknown"}
{"logTime": "0929/231635", "level": "INFO", "message": "Preference changed: name=edge_rewards.hva_promotions, new_value=[object], source=unknown"}
{"logTime": "0929/231643", "level": "INFO", "message": "Preference changed: name=profile.content_settings.exceptions.site_engagement, new_value=[object], source=unknown"}
{"logTime": "0929/231643", "level": "INFO", "message": "Preference changed: name=profile.last_engagement_time, new_value=\"13435197403162269\", source=unknown"}
{"logTime": "0929/231643", "level": "INFO", "message": "Preference changed: name=language_dwell_time_average, new_value=[object], source=unknown"}
{"logTime": "0929/231643", "level": "INFO", "message": "Preference changed: name=language_usage_count, new_value=[object], source=unknown"}
{"logTime": "0929/231643", "level": "INFO", "message": "Preference changed: name=language_model_counters, new_value=[object], source=unknown"}
{"logTime": "0929/231643", "level": "INFO", "message": "PrefStore write completed: store=4, success=true"}
{"logTime": "0929/231643", "level": "INFO", "message": "PrefStore write completed: store=4, success=true"}
{"logTime": "0929/231650", "level": "INFO", "message": "Preference changed: name=in_product_help.session_last_active_time, new_value=\"13435197410028986\", source=unknown"}
{"logTime": "0929/231654", "level": "INFO", "message": "Preference changed: name=profile.content_settings.exceptions.site_engagement, new_value=[object], source=unknown"}
{"logTime": "0929/231654", "level": "INFO", "message": "Preference changed: name=profile.last_engagement_time, new_value=\"13435197414082493\", source=unknown"}
{"logTime": "0929/231705", "level": "INFO", "message": "Preference changed: name=profile.content_settings.exceptions.site_engagement, new_value=[object], source=unknown"}
{"logTime": "0929/231705", "level": "INFO", "message": "Preference changed: name=profile.last_engagement_time, new_value=\"13435197425316565\", source=unknown"}
{"logTime": "0929/231726", "level": "INFO", "message": "Preference changed: name=profile.content_settings.exceptions.site_engagement, new_value=[object], source=unknown"}
{"logTime": "0929/231726", "level": "INFO", "message": "Preference changed: name=profile.last_engagement_time, new_value=\"13435197446109381\", source=unknown"}
{"logTime": "0929/231756", "level": "INFO", "message": "Preference changed: name=profile.observed_session_time, new_value=[object], source=unknown"}
{"logTime": "0929/231802", "level": "INFO", "message": "Preference changed: name=profile.content_settings.exceptions.site_engagement, new_value=[object], source=unknown"}
{"logTime": "0929/231802", "level": "INFO", "message": "Preference changed: name=profile.last_engagement_time, new_value=\"13435197482845367\", source=unknown"}
{"logTime": "0929/231806", "level": "INFO", "message": "PrefStore write completed: store=4, success=true"}
{"logTime": "0929/231815", "level": "INFO", "message": "Preference changed: name=profile.observed_session_time, new_value=[object], source=unknown"}
{"logTime": "0929/231823", "level": "INFO", "message": "Preference changed: name=profile.content_settings.exceptions.site_engagement, new_value=[object], source=unknown"}
{"logTime": "0929/231823", "level": "INFO", "message": "Preference changed: name=profile.last_engagement_time, new_value=\"13435197503681145\", source=unknown"}
{"logTime": "0929/231825", "level": "INFO", "message": "PrefStore write completed: store=4, success=true"}
{"logTime": "0929/231826", "level": "INFO", "message": "Preference changed: name=devtools.last_open_timestamp, new_value=\"13435197506575\", source=unknown"}
{"logTime": "0929/231826", "level": "INFO", "message": "Preference changed: name=browser.app_window_placement, new_value=[object], source=unknown"}
{"logTime": "0929/231827", "level": "INFO", "message": "Preference changed: name=devtools.preferences, new_value=[object], source=unknown"}
{"logTime": "0929/231827", "level": "INFO", "message": "Preference changed: name=devtools.synced_preferences_sync_disabled, new_value=[object], source=unknown"}
{"logTime": "0929/231827", "level": "INFO", "message": "Preference changed: name=devtools.preferences, new_value=[object], source=unknown"}
{"logTime": "0929/231827", "level": "INFO", "message": "Preference changed: name=devtools.synced_preferences_sync_disabled, new_value=[object], source=unknown"}
{"logTime": "0929/231827", "level": "INFO", "message": "Preference changed: name=devtools.preferences, new_value=[object], source=unknown"}
{"logTime": "0929/231827", "level": "INFO", "message": "Preference changed: name=devtools.preferences, new_value=[object], source=unknown"}
{"logTime": "0929/231827", "level": "INFO", "message": "Preference changed: name=devtools.preferences, new_value=[object], source=unknown"}
{"logTime": "0929/231827", "level": "INFO", "message": "Preference changed: name=devtools.preferences, new_value=[object], source=unknown"}
{"logTime": "0929/231827", "level": "INFO", "message": "Preference changed: name=devtools.preferences, new_value=[object], source=unknown"}
{"logTime": "0929/231827", "level": "INFO", "message": "Preference changed: name=devtools.preferences, new_value=[object], source=unknown"}
{"logTime": "0929/231827", "level": "INFO", "message": "Preference changed: name=devtools.preferences, new_value=[object], source=unknown"}
{"logTime": "0929/231827", "level": "INFO", "message": "Preference changed: name=devtools.preferences, new_value=[object], source=unknown"}
{"logTime": "0929/231827", "level": "INFO", "message": "Preference changed: name=devtools.preferences, new_value=[object], source=unknown"}
{"logTime": "0929/231827", "level": "INFO", "message": "Preference changed: name=devtools.preferences, new_value=[object], source=unknown"}
{"logTime": "0929/231827", "level": "INFO", "message": "Preference changed: name=devtools.synced_preferences_sync_disabled, new_value=[object], source=unknown"}
{"logTime": "0929/231828", "level": "INFO", "message": "Preference changed: name=browser.app_window_placement, new_value=[object], source=unknown"}
{"logTime": "0929/231828", "level": "INFO", "message": "Preference changed: name=browser.app_window_placement, new_value=[object], source=unknown"}
{"logTime": "0929/231828", "level": "INFO", "message": "Preference changed: name=browser.app_window_placement, new_value=[object], source=unknown"}
{"logTime": "0929/231828", "level": "INFO", "message": "Preference changed: name=sessions.event_log, new_value=[object], source=unknown"}
{"logTime": "0929/231830", "level": "INFO", "message": "Preference changed: name=extensions.settings, new_value=[object], source=unknown"}
{"logTime": "0929/231830", "level": "INFO", "message": "Preference changed: name=extensions.settings, new_value=[object], source=unknown"}
{"logTime": "0929/231831", "level": "INFO", "message": "Preference changed: name=extensions.settings, new_value=[object], source=unknown"}
{"logTime": "0929/231831", "level": "INFO", "message": "Preference changed: name=extensions.settings, new_value=[object], source=unknown"}
{"logTime": "0929/231831", "level": "INFO", "message": "Preference changed: name=extensions.settings, new_value=[object], source=unknown"}
{"logTime": "0929/231831", "level": "INFO", "message": "Preference changed: name=extensions.settings, new_value=[object], source=unknown"}
{"logTime": "0929/231831", "level": "INFO", "message": "Preference changed: name=extensions.settings, new_value=[object], source=unknown"}
{"logTime": "0929/231831", "level": "INFO", "message": "Preference changed: name=extensions.settings, new_value=[object], source=unknown"}
{"logTime": "0929/231831", "level": "INFO", "message": "Preference changed: name=extensions.settings, new_value=[object], source=unknown"}
{"logTime": "0929/231831", "level": "INFO", "message": "Preference changed: name=extensions.settings, new_value=[object], source=unknown"}
{"logTime": "0929/231831", "level": "INFO", "message": "Preference changed: name=extensions.settings, new_value=[object], source=unknown"}
{"logTime": "0929/231831", "level": "INFO", "message": "Preference changed: name=extensions.settings, new_value=[object], source=unknown"}
{"logTime": "0929/231831", "level": "INFO", "message": "Preference changed: name=extensions.settings, new_value=[object], source=unknown"}
{"logTime": "0929/231831", "level": "INFO", "message": "Preference changed: name=extensions.settings, new_value=[object], source=unknown"}
{"logTime": "0929/231831", "level": "INFO", "message": "Preference changed: name=extensions.settings, new_value=[object], source=unknown"}
{"logTime": "0929/231831", "level": "INFO", "message": "Preference changed: name=extensions.settings, new_value=[object], source=unknown"}
{"logTime": "0929/231831", "level": "INFO", "message": "Preference changed: name=extensions.settings, new_value=[object], source=unknown"}
{"logTime": "0929/231831", "level": "INFO", "message": "Preference changed: name=extensions.settings, new_value=[object], source=unknown"}
{"logTime": "0929/231831", "level": "INFO", "message": "Preference changed: name=extensions.microsoft_install_signature, new_value=[object], source=unknown"}
{"logTime": "0929/231832", "level": "INFO", "message": "Preference changed: name=extensions.settings, new_value=[object], source=unknown"}
{"logTime": "0929/231832", "level": "INFO", "message": "Preference changed: name=extensions.settings, new_value=[object], source=unknown"}
{"logTime": "0929/231832", "level": "INFO", "message": "Preference changed: name=extensions.settings, new_value=[object], source=unknown"}
{"logTime": "0929/231832", "level": "INFO", "message": "Preference changed: name=extensions.settings, new_value=[object], source=unknown"}
{"logTime": "0929/231832", "level": "INFO", "message": "Preference changed: name=extensions.settings, new_value=[object], source=unknown"}
{"logTime": "0929/231832", "level": "INFO", "message": "Preference changed: name=extensions.settings, new_value=[object], source=unknown"}
{"logTime": "0929/231832", "level": "INFO", "message": "Preference changed: name=extensions.settings, new_value=[object], source=unknown"}
{"logTime": "0929/231832", "level": "INFO", "message": "Preference changed: name=extensions.settings, new_value=[object], source=unknown"}
{"logTime": "0929/231832", "level": "INFO", "message": "Preference changed: name=extensions.settings, new_value=[object], source=unknown"}
{"logTime": "0929/231832", "level": "INFO", "message": "Preference changed: name=extensions.settings, new_value=[object], source=unknown"}
{"logTime": "0929/231832", "level": "INFO", "message": "Preference changed: name=extensions.settings, new_value=[object], source=unknown"}
{"logTime": "0929/231832", "level": "INFO", "message": "Preference changed: name=extensions.settings, new_value=[object], source=unknown"}
{"logTime": "0929/231832", "level": "INFO", "message": "Preference changed: name=extensions.settings, new_value=[object], source=unknown"}
{"logTime": "0929/231832", "level": "INFO", "message": "Preference changed: name=extensions.settings, new_value=[object], source=unknown"}
{"logTime": "0929/231832", "level": "INFO", "message": "Preference changed: name=extensions.settings, new_value=[object], source=unknown"}
{"logTime": "0929/231832", "level": "INFO", "message": "Preference changed: name=extensions.settings, new_value=[object], source=unknown"}
{"logTime": "0929/231832", "level": "INFO", "message": "Preference changed: name=extensions.settings, new_value=[object], source=unknown"}
{"logTime": "0929/231832", "level": "INFO", "message": "Preference changed: name=extensions.settings, new_value=[object], source=unknown"}
{"logTime": "0929/231832", "level": "INFO", "message": "Preference changed: name=extensions.microsoft_install_signature, new_value=[object], source=unknown"}
{"logTime": "0929/231833", "level": "INFO", "message": "Preference changed: name=language_dwell_time_average, new_value=[object], source=unknown"}
{"logTime": "0929/231833", "level": "INFO", "message": "Preference changed: name=language_usage_count, new_value=[object], source=unknown"}
{"logTime": "0929/231833", "level": "INFO", "message": "Preference changed: name=profile.content_settings.exceptions.media_engagement, new_value=[object], source=unknown"}
{"logTime": "0929/231833", "level": "INFO", "message": "Preference changed: name=profile.observed_session_time, new_value=[object], source=unknown"}
{"logTime": "0929/231833", "level": "INFO", "message": "Preference changed: name=sessions.session_data_status, new_value=2, source=unknown"}
{"logTime": "0929/231833", "level": "INFO", "message": "Preference changed: name=sessions.session_data_status, new_value=3, source=unknown"}
{"logTime": "0930/033444", "level": "INFO", "message": "UserPrefStore loaded: error=NONE (0)"}
{"logTime": "0930/033444", "level": "INFO", "message": "Preference changed: name=optimization_guide.previously_registered_optimization_types, new_value=[object], source=unknown"}
{"logTime": "0930/033444", "level": "INFO", "message": "Preference changed: name=extensions.chrome_url_overrides, new_value=[object], source=unknown"}
{"logTime": "0930/033444", "level": "INFO", "message": "Preference changed: name=sessions.session_data_status, new_value=1, source=unknown"}
{"logTime": "0930/033444", "level": "INFO", "message": "Preference changed: name=sessions.event_log, new_value=[object], source=unknown"}
{"logTime": "0930/033444", "level": "INFO", "message": "Preference changed: name=optimization_guide.previously_registered_optimization_types, new_value=[object], source=unknown"}
{"logTime": "0930/033444", "level": "INFO", "message": "Preference changed: name=optimization_guide.previously_registered_optimization_types, new_value=[object], source=unknown"}
{"logTime": "0930/033444", "level": "INFO", "message": "Preference changed: name=optimization_guide.previously_registered_optimization_types, new_value=[object], source=unknown"}
{"logTime": "0930/033444", "level": "INFO", "message": "Preference changed: name=optimization_guide.previously_registered_optimization_types, new_value=[object], source=unknown"}
{"logTime": "0930/033444", "level": "INFO", "message": "Preference changed: name=optimization_guide.previously_registered_optimization_types, new_value=[object], source=unknown"}
{"logTime": "0930/033444", "level": "INFO", "message": "Preference changed: name=profile.network_pbs, new_value=[object], source=unknown"}
{"logTime": "0930/033444", "level": "INFO", "message": "Preference changed: name=extension.installed_extension_count, new_value=4, source=unknown"}
{"logTime": "0930/033444", "level": "INFO", "message": "Preference changed: name=extensions.commands, new_value=[object], source=unknown"}
{"logTime": "0930/033444", "level": "INFO", "message": "Preference changed: name=extensions.settings, new_value=[object], source=unknown"}
{"logTime": "0930/033444", "level": "INFO", "message": "Preference changed: name=extensions.commands, new_value=[object], source=unknown"}
{"logTime": "0930/033444", "level": "INFO", "message": "Preference changed: name=extensions.settings, new_value=[object], source=unknown"}
{"logTime": "0930/033444", "level": "INFO", "message": "Preference changed: name=profile.password_hash_data_list, new_value=[object], source=unknown"}
{"logTime": "0930/033444", "level": "INFO", "message": "Preference changed: name=schedule_to_flush_to_disk, new_value=\"13435212884405143\", source=unknown"}
{"logTime": "0930/033444", "level": "INFO", "message": "Preference changed: name=schedule_to_flush_to_disk, new_value=\"13435212884406321\", source=unknown"}
{"logTime": "0930/033444", "level": "INFO", "message": "Preference changed: name=edge.services.signin_scoped_device_id, new_value=\"ff5479d0-aaa2-4820-9484-87d40f98714e\", source=unknown"}
{"logTime": "0930/033444", "level": "INFO", "message": "Preference changed: name=optimization_guide.previously_registered_optimization_types, new_value=[object], source=unknown"}
{"logTime": "0930/033444", "level": "INFO", "message": "Preference changed: name=extensions.chrome_url_overrides, new_value=[object], source=unknown"}
{"logTime": "0930/033444", "level": "INFO", "message": "Preference changed: name=autofill.credit_card_enabled, new_value=false, source=unknown"}
{"logTime": "0930/033444", "level": "INFO", "message": "Preference changed: name=enable_edge_collections, new_value=false, source=unknown"}
{"logTime": "0930/033444", "level": "INFO", "message": "Preference changed: name=resolve_navigation_errors_use_web_service.enabled, new_value=false, source=unknown"}
{"logTime": "0930/033444", "level": "INFO", "message": "Preference changed: name=alternate_error_pages.enabled, new_value=false, source=unknown"}
{"logTime": "0930/033444", "level": "INFO", "message": "Preference changed: name=optimization_guide.previously_registered_optimization_types, new_value=[object], source=unknown"}
{"logTime": "0930/033444", "level": "INFO", "message": "Preference changed: name=in_product_help.session_start_time, new_value=\"13435212884702420\", source=unknown"}
{"logTime": "0930/033444", "level": "INFO", "message": "Preference changed: name=in_product_help.session_number, new_value=3, source=unknown"}
{"logTime": "0930/033444", "level": "INFO", "message": "Preference changed: name=in_product_help.session_last_active_time, new_value=\"13435212884702420\", source=unknown"}
{"logTime": "0930/033444", "level": "INFO", "message": "Preference changed: name=in_product_help.recent_session_start_times, new_value=[object], source=unknown"}
{"logTime": "0930/033444", "level": "INFO", "message": "Preference changed: name=optimization_guide.previously_registered_optimization_types, new_value=[object], source=unknown"}
{"logTime": "0930/033444", "level": "INFO", "message": "Preference changed: name=profile.content_settings.exceptions.storage_access_header_origin_trial, new_value=[object], source=unknown"}
{"logTime": "0930/033445", "level": "INFO", "message": "Preference changed: name=edge_rewards.coachmark_promotions, new_value=[object], source=unknown"}
{"logTime": "0930/033445", "level": "INFO", "message": "Preference changed: name=edge_rewards.hva_promotions, new_value=[object], source=unknown"}
{"logTime": "0930/033445", "level": "INFO", "message": "Preference changed: name=extensions.microsoft_install_signature, new_value=[object], source=unknown"}
{"logTime": "0930/033445", "level": "INFO", "message": "Preference changed: name=extensions.microsoft_install_signature, new_value=[object], source=unknown"}
{"logTime": "0930/033449", "level": "INFO", "message": "Preference changed: name=profile.content_settings.exceptions.site_engagement, new_value=[object], source=unknown"}
{"logTime": "0930/033449", "level": "INFO", "message": "Preference changed: name=profile.last_engagement_time, new_value=\"13435212889615150\", source=unknown"}
{"logTime": "0930/033449", "level": "INFO", "message": "Preference changed: name=language_model_counters, new_value=[object], source=unknown"}
{"logTime": "0930/033454", "level": "INFO", "message": "PrefStore write completed: store=4, success=true"}
{"logTime": "0930/033454", "level": "INFO", "message": "PrefStore write completed: store=4, success=true"}
{"logTime": "0930/033500", "level": "INFO", "message": "Preference changed: name=profile.content_settings.exceptions.site_engagement, new_value=[object], source=unknown"}
{"logTime": "0930/033500", "level": "INFO", "message": "Preference changed: name=profile.last_engagement_time, new_value=\"13435212900575822\", source=unknown"}
{"logTime": "0930/033512", "level": "INFO", "message": "Preference changed: name=profile.content_settings.exceptions.site_engagement, new_value=[object], source=unknown"}
{"logTime": "0930/033512", "level": "INFO", "message": "Preference changed: name=profile.last_engagement_time, new_value=\"13435212912495804\", source=unknown"}
{"logTime": "0930/033521", "level": "INFO", "message": "Preference changed: name=language_dwell_time_average, new_value=[object], source=unknown"}
{"logTime": "0930/033521", "level": "INFO", "message": "Preference changed: name=language_usage_count, new_value=[object], source=unknown"}
{"logTime": "0930/033521", "level": "INFO", "message": "Preference changed: name=profile.content_settings.exceptions.media_engagement, new_value=[object], source=unknown"}
{"logTime": "0930/033521", "level": "INFO", "message": "Preference changed: name=profile.observed_session_time, new_value=[object], source=unknown"}
{"logTime": "0930/033521", "level": "INFO", "message": "Preference changed: name=sessions.session_data_status, new_value=2, source=unknown"}
{"logTime": "0930/033521", "level": "INFO", "message": "Preference changed: name=sessions.session_data_status, new_value=3, source=unknown"}
{"logTime": "0930/033521", "level": "INFO", "message": "Preference changed: name=sessions.event_log, new_value=[object], source=unknown"}
{"logTime": "0930/033711", "level": "INFO", "message": "UserPrefStore loaded: error=NONE (0)"}
{"logTime": "0930/033711", "level": "INFO", "message": "Preference changed: name=optimization_guide.previously_registered_optimization_types, new_value=[object], source=unknown"}
{"logTime": "0930/033712", "level": "INFO", "message": "Preference changed: name=extensions.chrome_url_overrides, new_value=[object], source=unknown"}
{"logTime": "0930/033712", "level": "INFO", "message": "Preference changed: name=sessions.session_data_status, new_value=1, source=unknown"}
{"logTime": "0930/033712", "level": "INFO", "message": "Preference changed: name=sessions.event_log, new_value=[object], source=unknown"}
{"logTime": "0930/033713", "level": "INFO", "message": "Preference changed: name=optimization_guide.previously_registered_optimization_types, new_value=[object], source=unknown"}
{"logTime": "0930/033713", "level": "INFO", "message": "Preference changed: name=optimization_guide.previously_registered_optimization_types, new_value=[object], source=unknown"}
{"logTime": "0930/033713", "level": "INFO", "message": "Preference changed: name=optimization_guide.previously_registered_optimization_types, new_value=[object], source=unknown"}
{"logTime": "0930/033713", "level": "INFO", "message": "Preference changed: name=optimization_guide.previously_registered_optimization_types, new_value=[object], source=unknown"}
{"logTime": "0930/033713", "level": "INFO", "message": "Preference changed: name=optimization_guide.previously_registered_optimization_types, new_value=[object], source=unknown"}
{"logTime": "0930/033713", "level": "INFO", "message": "Preference changed: name=profile.network_pbs, new_value=[object], source=unknown"}
{"logTime": "0930/033713", "level": "INFO", "message": "Preference changed: name=extension.installed_extension_count, new_value=2, source=unknown"}
{"logTime": "0930/033713", "level": "INFO", "message": "Preference changed: name=profile.password_hash_data_list, new_value=[object], source=unknown"}
{"logTime": "0930/033713", "level": "INFO", "message": "Preference changed: name=schedule_to_flush_to_disk, new_value=\"13435213033602953\", source=unknown"}
{"logTime": "0930/033713", "level": "INFO", "message": "Preference changed: name=schedule_to_flush_to_disk, new_value=\"13435213033605875\", source=unknown"}
{"logTime": "0930/033713", "level": "INFO", "message": "Preference changed: name=edge.services.signin_scoped_device_id, new_value=\"cb62dfea-d05f-4c93-b013-45e342e62333\", source=unknown"}
{"logTime": "0930/033713", "level": "INFO", "message": "Preference changed: name=optimization_guide.previously_registered_optimization_types, new_value=[object], source=unknown"}
{"logTime": "0930/033713", "level": "INFO", "message": "Preference changed: name=extensions.chrome_url_overrides, new_value=[object], source=unknown"}
{"logTime": "0930/033713", "level": "INFO", "message": "Preference changed: name=autofill.credit_card_enabled, new_value=false, source=unknown"}
{"logTime": "0930/033713", "level": "INFO", "message": "Preference changed: name=enable_edge_collections, new_value=false, source=unknown"}
{"logTime": "0930/033713", "level": "INFO", "message": "Preference changed: name=resolve_navigation_errors_use_web_service.enabled, new_value=false, source=unknown"}
{"logTime": "0930/033713", "level": "INFO", "message": "Preference changed: name=alternate_error_pages.enabled, new_value=false, source=unknown"}
{"logTime": "0930/033713", "level": "INFO", "message": "Preference changed: name=optimization_guide.previously_registered_optimization_types, new_value=[object], source=unknown"}
{"logTime": "0930/033713", "level": "INFO", "message": "Preference changed: name=in_product_help.session_last_active_time, new_value=\"13435213033952465\", source=unknown"}
{"logTime": "0930/033713", "level": "INFO", "message": "Preference changed: name=optimization_guide.previously_registered_optimization_types, new_value=[object], source=unknown"}
{"logTime": "0930/033713", "level": "INFO", "message": "Preference changed: name=profile.content_settings.exceptions.storage_access_header_origin_trial, new_value=[object], source=unknown"}
{"logTime": "0930/033714", "level": "INFO", "message": "Preference changed: name=edge_rewards.coachmark_promotions, new_value=[object], source=unknown"}
{"logTime": "0930/033714", "level": "INFO", "message": "Preference changed: name=edge_rewards.hva_promotions, new_value=[object], source=unknown"}
{"logTime": "0930/033715", "level": "INFO", "message": "Preference changed: name=profile.content_settings.exceptions.site_engagement, new_value=[object], source=unknown"}
{"logTime": "0930/033715", "level": "INFO", "message": "Preference changed: name=profile.last_engagement_time, new_value=\"13435213035975822\", source=unknown"}
{"logTime": "0930/033716", "level": "INFO", "message": "Preference changed: name=language_model_counters, new_value=[object], source=unknown"}
{"logTime": "0930/033721", "level": "INFO", "message": "PrefStore write completed: store=4, success=true"}
{"logTime": "0930/033721", "level": "INFO", "message": "PrefStore write completed: store=4, success=true"}
{"logTime": "0930/033727", "level": "INFO", "message": "Preference changed: name=profile.content_settings.exceptions.site_engagement, new_value=[object], source=unknown"}
{"logTime": "0930/033727", "level": "INFO", "message": "Preference changed: name=profile.last_engagement_time, new_value=\"13435213047158844\", source=unknown"}
{"logTime": "0930/033728", "level": "INFO", "message": "Preference changed: name=in_product_help.session_last_active_time, new_value=\"13435213048955198\", source=unknown"}
{"logTime": "0930/033737", "level": "INFO", "message": "Preference changed: name=profile.content_settings.exceptions.site_engagement, new_value=[object], source=unknown"}
{"logTime": "0930/033737", "level": "INFO", "message": "Preference changed: name=profile.last_engagement_time, new_value=\"13435213057545295\", source=unknown"}
{"logTime": "0930/033758", "level": "INFO", "message": "Preference changed: name=in_product_help.session_last_active_time, new_value=\"13435213077971906\", source=unknown"}
{"logTime": "0930/033803", "level": "INFO", "message": "Preference changed: name=profile.observed_session_time, new_value=[object], source=unknown"}
{"logTime": "0930/033808", "level": "INFO", "message": "Preference changed: name=profile.content_settings.exceptions.site_engagement, new_value=[object], source=unknown"}
{"logTime": "0930/033808", "level": "INFO", "message": "Preference changed: name=profile.last_engagement_time, new_value=\"13435213088447224\", source=unknown"}
{"logTime": "0930/033812", "level": "INFO", "message": "Preference changed: name=devtools.last_open_timestamp, new_value=\"13435213092477\", source=unknown"}
{"logTime": "0930/033813", "level": "INFO", "message": "PrefStore write completed: store=4, success=true"}
{"logTime": "0930/033813", "level": "INFO", "message": "Preference changed: name=devtools.preferences, new_value=[object], source=unknown"}
{"logTime": "0930/033813", "level": "INFO", "message": "Preference changed: name=devtools.synced_preferences_sync_disabled, new_value=[object], source=unknown"}
{"logTime": "0930/033813", "level": "INFO", "message": "Preference changed: name=devtools.preferences, new_value=[object], source=unknown"}
{"logTime": "0930/033813", "level": "INFO", "message": "Preference changed: name=devtools.synced_preferences_sync_disabled, new_value=[object], source=unknown"}
{"logTime": "0930/033813", "level": "INFO", "message": "Preference changed: name=devtools.preferences, new_value=[object], source=unknown"}
{"logTime": "0930/033813", "level": "INFO", "message": "Preference changed: name=devtools.preferences, new_value=[object], source=unknown"}
{"logTime": "0930/033813", "level": "INFO", "message": "Preference changed: name=devtools.preferences, new_value=[object], source=unknown"}
{"logTime": "0930/033813", "level": "INFO", "message": "Preference changed: name=devtools.preferences, new_value=[object], source=unknown"}
{"logTime": "0930/033813", "level": "INFO", "message": "Preference changed: name=devtools.preferences, new_value=[object], source=unknown"}
{"logTime": "0930/033813", "level": "INFO", "message": "Preference changed: name=devtools.preferences, new_value=[object], source=unknown"}
{"logTime": "0930/033813", "level": "INFO", "message": "Preference changed: name=devtools.preferences, new_value=[object], source=unknown"}
{"logTime": "0930/033813", "level": "INFO", "message": "Preference changed: name=devtools.preferences, new_value=[object], source=unknown"}
{"logTime": "0930/033813", "level": "INFO", "message": "Preference changed: name=devtools.preferences, new_value=[object], source=unknown"}
{"logTime": "0930/033813", "level": "INFO", "message": "Preference changed: name=devtools.preferences, new_value=[object], source=unknown"}
{"logTime": "0930/033813", "level": "INFO", "message": "Preference changed: name=devtools.synced_preferences_sync_disabled, new_value=[object], source=unknown"}
{"logTime": "0930/033813", "level": "INFO", "message": "Preference changed: name=in_product_help.session_last_active_time, new_value=\"13435213093978452\", source=unknown"}
{"logTime": "0930/033814", "level": "INFO", "message": "Preference changed: name=devtools.preferences, new_value=[object], source=unknown"}
{"logTime": "0930/033814", "level": "INFO", "message": "Preference changed: name=devtools.preferences, new_value=[object], source=unknown"}
{"logTime": "0930/033815", "level": "INFO", "message": "Preference changed: name=devtools.preferences, new_value=[object], source=unknown"}
{"logTime": "0930/033815", "level": "INFO", "message": "Preference changed: name=devtools.preferences, new_value=[object], source=unknown"}
{"logTime": "0930/033815", "level": "INFO", "message": "Preference changed: name=devtools.preferences, new_value=[object], source=unknown"}
{"logTime": "0930/033815", "level": "INFO", "message": "Preference changed: name=devtools.preferences, new_value=[object], source=unknown"}
{"logTime": "0930/033815", "level": "INFO", "message": "Preference changed: name=devtools.preferences, new_value=[object], source=unknown"}
{"logTime": "0930/033817", "level": "INFO", "message": "Preference changed: name=extensions.settings, new_value=[object], source=unknown"}
{"logTime": "0930/033817", "level": "INFO", "message": "Preference changed: name=extensions.settings, new_value=[object], source=unknown"}
{"logTime": "0930/033817", "level": "INFO", "message": "Preference changed: name=extensions.settings, new_value=[object], source=unknown"}
{"logTime": "0930/033817", "level": "INFO", "message": "Preference changed: name=extensions.settings, new_value=[object], source=unknown"}
{"logTime": "0930/033817", "level": "INFO", "message": "Preference changed: name=extensions.settings, new_value=[object], source=unknown"}
{"logTime": "0930/033817", "level": "INFO", "message": "Preference changed: name=extensions.settings, new_value=[object], source=unknown"}
{"logTime": "0930/033817", "level": "INFO", "message": "Preference changed: name=extensions.settings, new_value=[object], source=unknown"}
{"logTime": "0930/033817", "level": "INFO", "message": "Preference changed: name=extensions.settings, new_value=[object], source=unknown"}
{"logTime": "0930/033817", "level": "INFO", "message": "Preference changed: name=extensions.settings, new_value=[object], source=unknown"}
{"logTime": "0930/033817", "level": "INFO", "message": "Preference changed: name=extensions.settings, new_value=[object], source=unknown"}
{"logTime": "0930/033817", "level": "INFO", "message": "Preference changed: name=extensions.settings, new_value=[object], source=unknown"}
{"logTime": "0930/033817", "level": "INFO", "message": "Preference changed: name=extensions.settings, new_value=[object], source=unknown"}
{"logTime": "0930/033817", "level": "INFO", "message": "Preference changed: name=extensions.settings, new_value=[object], source=unknown"}
{"logTime": "0930/033817", "level": "INFO", "message": "Preference changed: name=extensions.settings, new_value=[object], source=unknown"}
{"logTime": "0930/033817", "level": "INFO", "message": "Preference changed: name=extensions.settings, new_value=[object], source=unknown"}
{"logTime": "0930/033817", "level": "INFO", "message": "Preference changed: name=extensions.settings, new_value=[object], source=unknown"}
{"logTime": "0930/033817", "level": "INFO", "message": "Preference changed: name=extensions.settings, new_value=[object], source=unknown"}
{"logTime": "0930/033817", "level": "INFO", "message": "Preference changed: name=extensions.settings, new_value=[object], source=unknown"}
{"logTime": "0930/033818", "level": "INFO", "message": "Preference changed: name=extensions.microsoft_install_signature, new_value=[object], source=unknown"}
{"logTime": "0930/033818", "level": "INFO", "message": "Preference changed: name=extensions.settings, new_value=[object], source=unknown"}
{"logTime": "0930/033818", "level": "INFO", "message": "Preference changed: name=extensions.settings, new_value=[object], source=unknown"}
{"logTime": "0930/033818", "level": "INFO", "message": "Preference changed: name=extensions.settings, new_value=[object], source=unknown"}
{"logTime": "0930/033818", "level": "INFO", "message": "Preference changed: name=extensions.settings, new_value=[object], source=unknown"}
{"logTime": "0930/033818", "level": "INFO", "message": "Preference changed: name=extensions.settings, new_value=[object], source=unknown"}
{"logTime": "0930/033818", "level": "INFO", "message": "Preference changed: name=extensions.settings, new_value=[object], source=unknown"}
{"logTime": "0930/033818", "level": "INFO", "message": "Preference changed: name=extensions.settings, new_value=[object], source=unknown"}
{"logTime": "0930/033818", "level": "INFO", "message": "Preference changed: name=extensions.settings, new_value=[object], source=unknown"}
{"logTime": "0930/033818", "level": "INFO", "message": "Preference changed: name=extensions.settings, new_value=[object], source=unknown"}
{"logTime": "0930/033818", "level": "INFO", "message": "Preference changed: name=extensions.settings, new_value=[object], source=unknown"}
{"logTime": "0930/033818", "level": "INFO", "message": "Preference changed: name=extensions.settings, new_value=[object], source=unknown"}
{"logTime": "0930/033818", "level": "INFO", "message": "Preference changed: name=extensions.settings, new_value=[object], source=unknown"}
{"logTime": "0930/033818", "level": "INFO", "message": "Preference changed: name=extensions.settings, new_value=[object], source=unknown"}
{"logTime": "0930/033818", "level": "INFO", "message": "Preference changed: name=extensions.settings, new_value=[object], source=unknown"}
{"logTime": "0930/033818", "level": "INFO", "message": "Preference changed: name=extensions.settings, new_value=[object], source=unknown"}
{"logTime": "0930/033818", "level": "INFO", "message": "Preference changed: name=extensions.settings, new_value=[object], source=unknown"}
{"logTime": "0930/033818", "level": "INFO", "message": "Preference changed: name=extensions.settings, new_value=[object], source=unknown"}
{"logTime": "0930/033818", "level": "INFO", "message": "Preference changed: name=extensions.settings, new_value=[object], source=unknown"}
{"logTime": "0930/033818", "level": "INFO", "message": "Preference changed: name=extensions.microsoft_install_signature, new_value=[object], source=unknown"}
{"logTime": "0930/033820", "level": "INFO", "message": "Preference changed: name=browser.app_window_placement, new_value=[object], source=unknown"}
{"logTime": "0930/033821", "level": "INFO", "message": "Preference changed: name=profile.content_settings.exceptions.client_hints, new_value=[object], source=unknown"}
{"logTime": "0930/033821", "level": "INFO", "message": "Preference changed: name=muid.values_seen, new_value=[object], source=unknown"}
{"logTime": "0930/033821", "level": "INFO", "message": "Preference changed: name=profile.exit_type, new_value=\"Crashed\", source=unknown"}
{"logTime": "0930/033821", "level": "INFO", "message": "Preference changed: name=cached_fonts.search_results_page.fonts, new_value=[object], source=unknown"}
{"logTime": "0930/033821", "level": "INFO", "message": "Preference changed: name=language_model_counters, new_value=[object], source=unknown"}
{"logTime": "0930/033823", "level": "INFO", "message": "PrefStore write completed: store=4, success=true"}
{"logTime": "0930/033823", "level": "INFO", "message": "Preference changed: name=omnibox.zerosuggest.related_searches_cached_results, new_value=[object], source=unknown"}
{"logTime": "0930/033826", "level": "INFO", "message": "Preference changed: name=sessions.event_log, new_value=[object], source=unknown"}
{"logTime": "0930/033826", "level": "INFO", "message": "Preference changed: name=profile.exit_type, new_value=\"Normal\", source=unknown"}
{"logTime": "0930/033826", "level": "INFO", "message": "Preference changed: name=profile.edge_crash_exit_count, new_value=0, source=unknown"}
{"logTime": "0930/033826", "level": "INFO", "message": "Preference changed: name=profile.forced_shutdown_restart_apps, new_value=false, source=unknown"}
{"logTime": "0930/033826", "level": "INFO", "message": "Preference changed: name=language_dwell_time_average, new_value=[object], source=unknown"}
{"logTime": "0930/033826", "level": "INFO", "message": "Preference changed: name=language_usage_count, new_value=[object], source=unknown"}
{"logTime": "0930/033826", "level": "INFO", "message": "Preference changed: name=profile.content_settings.exceptions.media_engagement, new_value=[object], source=unknown"}
{"logTime": "0930/033826", "level": "INFO", "message": "Preference changed: name=browser.window_placement_popup, new_value=[object], source=unknown"}
{"logTime": "0930/033826", "level": "INFO", "message": "Preference changed: name=browser.window_placement_popup, new_value=[object], source=unknown"}
{"logTime": "0930/033826", "level": "INFO", "message": "Preference changed: name=browser.window_placement_popup, new_value=[object], source=unknown"}
{"logTime": "0930/033827", "level": "INFO", "message": "PrefStore write completed: store=4, success=true"}
{"logTime": "0930/033833", "level": "INFO", "message": "Preference changed: name=browser.app_window_placement, new_value=[object], source=unknown"}
{"logTime": "0930/033833", "level": "INFO", "message": "Preference changed: name=browser.app_window_placement, new_value=[object], source=unknown"}
{"logTime": "0930/033833", "level": "INFO", "message": "Preference changed: name=browser.app_window_placement, new_value=[object], source=unknown"}
{"logTime": "0930/033833", "level": "INFO", "message": "PrefStore write completed: store=4, success=true"}
{"logTime": "0930/033834", "level": "INFO", "message": "Preference changed: name=profile.content_settings.exceptions.site_engagement, new_value=[object], source=unknown"}
{"logTime": "0930/033834", "level": "INFO", "message": "Preference changed: name=profile.last_engagement_time, new_value=\"13435213114221092\", source=unknown"}
{"logTime": "0930/033836", "level": "INFO", "message": "Preference changed: name=language_dwell_time_average, new_value=[object], source=unknown"}
{"logTime": "0930/033836", "level": "INFO", "message": "Preference changed: name=language_usage_count, new_value=[object], source=unknown"}
{"logTime": "0930/033836", "level": "INFO", "message": "Preference changed: name=profile.content_settings.exceptions.media_engagement, new_value=[object], source=unknown"}
{"logTime": "0930/033836", "level": "INFO", "message": "Preference changed: name=profile.observed_session_time, new_value=[object], source=unknown"}
{"logTime": "0930/033836", "level": "INFO", "message": "Preference changed: name=sessions.session_data_status, new_value=2, source=unknown"}
{"logTime": "0930/033836", "level": "INFO", "message": "Preference changed: name=sessions.session_data_status, new_value=3, source=unknown"}
{"logTime": "0930/035213", "level": "INFO", "message": "UserPrefStore loaded: error=NONE (0)"}
{"logTime": "0930/035213", "level": "INFO", "message": "Preference changed: name=optimization_guide.previously_registered_optimization_types, new_value=[object], source=unknown"}
{"logTime": "0930/035213", "level": "INFO", "message": "Preference changed: name=extensions.chrome_url_overrides, new_value=[object], source=unknown"}
{"logTime": "0930/035213", "level": "INFO", "message": "Preference changed: name=sessions.session_data_status, new_value=1, source=unknown"}
{"logTime": "0930/035213", "level": "INFO", "message": "Preference changed: name=sessions.event_log, new_value=[object], source=unknown"}
{"logTime": "0930/035213", "level": "INFO", "message": "Preference changed: name=optimization_guide.previously_registered_optimization_types, new_value=[object], source=unknown"}
{"logTime": "0930/035213", "level": "INFO", "message": "Preference changed: name=optimization_guide.previously_registered_optimization_types, new_value=[object], source=unknown"}
{"logTime": "0930/035213", "level": "INFO", "message": "Preference changed: name=optimization_guide.previously_registered_optimization_types, new_value=[object], source=unknown"}
{"logTime": "0930/035213", "level": "INFO", "message": "Preference changed: name=optimization_guide.previously_registered_optimization_types, new_value=[object], source=unknown"}
{"logTime": "0930/035213", "level": "INFO", "message": "Preference changed: name=optimization_guide.previously_registered_optimization_types, new_value=[object], source=unknown"}
{"logTime": "0930/035213", "level": "INFO", "message": "Preference changed: name=profile.network_pbs, new_value=[object], source=unknown"}
{"logTime": "0930/035213", "level": "INFO", "message": "Preference changed: name=extension.installed_extension_count, new_value=4, source=unknown"}
{"logTime": "0930/035213", "level": "INFO", "message": "Preference changed: name=extensions.commands, new_value=[object], source=unknown"}
{"logTime": "0930/035213", "level": "INFO", "message": "Preference changed: name=extensions.settings, new_value=[object], source=unknown"}
{"logTime": "0930/035213", "level": "INFO", "message": "Preference changed: name=extensions.commands, new_value=[object], source=unknown"}
{"logTime": "0930/035213", "level": "INFO", "message": "Preference changed: name=extensions.settings, new_value=[object], source=unknown"}
{"logTime": "0930/035213", "level": "INFO", "message": "Preference changed: name=profile.password_hash_data_list, new_value=[object], source=unknown"}
{"logTime": "0930/035213", "level": "INFO", "message": "Preference changed: name=schedule_to_flush_to_disk, new_value=\"13435213933957610\", source=unknown"}
{"logTime": "0930/035213", "level": "INFO", "message": "Preference changed: name=schedule_to_flush_to_disk, new_value=\"13435213933958753\", source=unknown"}
{"logTime": "0930/035213", "level": "INFO", "message": "Preference changed: name=edge.services.signin_scoped_device_id, new_value=\"f5c9cd4c-bd46-42b7-b1b2-4d439ea6f88d\", source=unknown"}
{"logTime": "0930/035213", "level": "INFO", "message": "Preference changed: name=optimization_guide.previously_registered_optimization_types, new_value=[object], source=unknown"}
{"logTime": "0930/035213", "level": "INFO", "message": "Preference changed: name=extensions.chrome_url_overrides, new_value=[object], source=unknown"}
{"logTime": "0930/035213", "level": "INFO", "message": "Preference changed: name=autofill.credit_card_enabled, new_value=false, source=unknown"}
{"logTime": "0930/035213", "level": "INFO", "message": "Preference changed: name=enable_edge_collections, new_value=false, source=unknown"}
{"logTime": "0930/035213", "level": "INFO", "message": "Preference changed: name=resolve_navigation_errors_use_web_service.enabled, new_value=false, source=unknown"}
{"logTime": "0930/035213", "level": "INFO", "message": "Preference changed: name=alternate_error_pages.enabled, new_value=false, source=unknown"}
{"logTime": "0930/035213", "level": "INFO", "message": "Preference changed: name=optimization_guide.previously_registered_optimization_types, new_value=[object], source=unknown"}
{"logTime": "0930/035214", "level": "INFO", "message": "Preference changed: name=in_product_help.session_last_active_time, new_value=\"13435213934039310\", source=unknown"}
{"logTime": "0930/035214", "level": "INFO", "message": "Preference changed: name=optimization_guide.previously_registered_optimization_types, new_value=[object], source=unknown"}
{"logTime": "0930/035214", "level": "INFO", "message": "Preference changed: name=profile.content_settings.exceptions.storage_access_header_origin_trial, new_value=[object], source=unknown"}
{"logTime": "0930/035214", "level": "INFO", "message": "Preference changed: name=edge_rewards.coachmark_promotions, new_value=[object], source=unknown"}
{"logTime": "0930/035214", "level": "INFO", "message": "Preference changed: name=edge_rewards.hva_promotions, new_value=[object], source=unknown"}
{"logTime": "0930/035214", "level": "INFO", "message": "Preference changed: name=extensions.microsoft_install_signature, new_value=[object], source=unknown"}
{"logTime": "0930/035214", "level": "INFO", "message": "Preference changed: name=extensions.microsoft_install_signature, new_value=[object], source=unknown"}
{"logTime": "0930/035220", "level": "INFO", "message": "Preference changed: name=language_model_counters, new_value=[object], source=unknown"}
{"logTime": "0930/035223", "level": "INFO", "message": "PrefStore write completed: store=4, success=true"}
{"logTime": "0930/035223", "level": "INFO", "message": "PrefStore write completed: store=4, success=true"}
{"logTime": "0930/035226", "level": "INFO", "message": "Preference changed: name=profile.observed_session_time, new_value=[object], source=unknown"}
{"logTime": "0930/035229", "level": "INFO", "message": "Preference changed: name=in_product_help.session_last_active_time, new_value=\"13435213947055671\", source=unknown"}
{"logTime": "0930/035232", "level": "INFO", "message": "Preference changed: name=profile.content_settings.exceptions.site_engagement, new_value=[object], source=unknown"}
{"logTime": "0930/035232", "level": "INFO", "message": "Preference changed: name=profile.last_engagement_time, new_value=\"13435213952020676\", source=unknown"}
{"logTime": "0930/035236", "level": "INFO", "message": "PrefStore write completed: store=4, success=true"}
{"logTime": "0930/035244", "level": "INFO", "message": "Preference changed: name=in_product_help.session_last_active_time, new_value=\"13435213964058536\", source=unknown"}
{"logTime": "0930/035248", "level": "INFO", "message": "Preference changed: name=profile.observed_session_time, new_value=[object], source=unknown"}
{"logTime": "0930/035258", "level": "INFO", "message": "PrefStore write completed: store=4, success=true"}
{"logTime": "0930/035935", "level": "INFO", "message": "Preference changed: name=profile.content_settings.exceptions.site_engagement, new_value=[object], source=unknown"}
{"logTime": "0930/035935", "level": "INFO", "message": "Preference changed: name=profile.last_engagement_time, new_value=\"13435214375509830\", source=unknown"}
{"logTime": "0930/035937", "level": "INFO", "message": "Preference changed: name=language_dwell_time_average, new_value=[object], source=unknown"}
{"logTime": "0930/035937", "level": "INFO", "message": "Preference changed: name=language_usage_count, new_value=[object], source=unknown"}
{"logTime": "0930/035937", "level": "INFO", "message": "Preference changed: name=language_model_counters, new_value=[object], source=unknown"}
{"logTime": "0930/035944", "level": "INFO", "message": "Preference changed: name=profile.observed_session_time, new_value=[object], source=unknown"}
{"logTime": "0930/035947", "level": "INFO", "message": "PrefStore write completed: store=4, success=true"}
{"logTime": "0930/035951", "level": "INFO", "message": "Preference changed: name=profile.content_settings.exceptions.site_engagement, new_value=[object], source=unknown"}
{"logTime": "0930/035951", "level": "INFO", "message": "Preference changed: name=profile.last_engagement_time, new_value=\"13435214391586705\", source=unknown"}
{"logTime": "0930/035958", "level": "INFO", "message": "Preference changed: name=language_dwell_time_average, new_value=[object], source=unknown"}
{"logTime": "0930/035958", "level": "INFO", "message": "Preference changed: name=language_usage_count, new_value=[object], source=unknown"}
{"logTime": "0930/035958", "level": "INFO", "message": "Preference changed: name=language_model_counters, new_value=[object], source=unknown"}
{"logTime": "0930/040002", "level": "INFO", "message": "Preference changed: name=profile.observed_session_time, new_value=[object], source=unknown"}
{"logTime": "0930/040006", "level": "INFO", "message": "Preference changed: name=profile.observed_session_time, new_value=[object], source=unknown"}
{"logTime": "0930/040008", "level": "INFO", "message": "PrefStore write completed: store=4, success=true"}
{"logTime": "0930/040010", "level": "INFO", "message": "Preference changed: name=profile.content_settings.exceptions.site_engagement, new_value=[object], source=unknown"}
{"logTime": "0930/040010", "level": "INFO", "message": "Preference changed: name=profile.last_engagement_time, new_value=\"13435214410949897\", source=unknown"}
{"logTime": "0930/040025", "level": "INFO", "message": "Preference changed: name=profile.observed_session_time, new_value=[object], source=unknown"}
{"logTime": "0930/040035", "level": "INFO", "message": "PrefStore write completed: store=4, success=true"}
{"logTime": "0930/040041", "level": "INFO", "message": "Preference changed: name=language_dwell_time_average, new_value=[object], source=unknown"}
{"logTime": "0930/040041", "level": "INFO", "message": "Preference changed: name=language_usage_count, new_value=[object], source=unknown"}
{"logTime": "0930/040041", "level": "INFO", "message": "Preference changed: name=profile.content_settings.exceptions.media_engagement, new_value=[object], source=unknown"}
{"logTime": "0930/040041", "level": "INFO", "message": "Preference changed: name=sessions.session_data_status, new_value=2, source=unknown"}
{"logTime": "0930/040041", "level": "INFO", "message": "Preference changed: name=sessions.session_data_status, new_value=3, source=unknown"}
{"logTime": "0930/040041", "level": "INFO", "message": "Preference changed: name=sessions.event_log, new_value=[object], source=unknown"}
{"logTime": "0930/040106", "level": "INFO", "message": "UserPrefStore loaded: error=NONE (0)"}
{"logTime": "0930/040106", "level": "INFO", "message": "Preference changed: name=optimization_guide.previously_registered_optimization_types, new_value=[object], source=unknown"}
{"logTime": "0930/040106", "level": "INFO", "message": "Preference changed: name=extensions.chrome_url_overrides, new_value=[object], source=unknown"}
{"logTime": "0930/040106", "level": "INFO", "message": "Preference changed: name=sessions.session_data_status, new_value=1, source=unknown"}
{"logTime": "0930/040106", "level": "INFO", "message": "Preference changed: name=sessions.event_log, new_value=[object], source=unknown"}
{"logTime": "0930/040106", "level": "INFO", "message": "Preference changed: name=optimization_guide.previously_registered_optimization_types, new_value=[object], source=unknown"}
{"logTime": "0930/040106", "level": "INFO", "message": "Preference changed: name=optimization_guide.previously_registered_optimization_types, new_value=[object], source=unknown"}
{"logTime": "0930/040106", "level": "INFO", "message": "Preference changed: name=optimization_guide.previously_registered_optimization_types, new_value=[object], source=unknown"}
{"logTime": "0930/040106", "level": "INFO", "message": "Preference changed: name=optimization_guide.previously_registered_optimization_types, new_value=[object], source=unknown"}
{"logTime": "0930/040106", "level": "INFO", "message": "Preference changed: name=optimization_guide.previously_registered_optimization_types, new_value=[object], source=unknown"}
{"logTime": "0930/040106", "level": "INFO", "message": "Preference changed: name=profile.network_pbs, new_value=[object], source=unknown"}
{"logTime": "0930/040106", "level": "INFO", "message": "Preference changed: name=extension.installed_extension_count, new_value=2, source=unknown"}
{"logTime": "0930/040106", "level": "INFO", "message": "Preference changed: name=profile.password_hash_data_list, new_value=[object], source=unknown"}
{"logTime": "0930/040106", "level": "INFO", "message": "Preference changed: name=schedule_to_flush_to_disk, new_value=\"13435214466473346\", source=unknown"}
{"logTime": "0930/040106", "level": "INFO", "message": "Preference changed: name=schedule_to_flush_to_disk, new_value=\"13435214466474305\", source=unknown"}
{"logTime": "0930/040106", "level": "INFO", "message": "Preference changed: name=edge.services.signin_scoped_device_id, new_value=\"90751383-faa5-4733-b7da-970f5f6b2d47\", source=unknown"}
{"logTime": "0930/040106", "level": "INFO", "message": "Preference changed: name=optimization_guide.previously_registered_optimization_types, new_value=[object], source=unknown"}
{"logTime": "0930/040106", "level": "INFO", "message": "Preference changed: name=extensions.chrome_url_overrides, new_value=[object], source=unknown"}
{"logTime": "0930/040106", "level": "INFO", "message": "Preference changed: name=autofill.credit_card_enabled, new_value=false, source=unknown"}
{"logTime": "0930/040106", "level": "INFO", "message": "Preference changed: name=enable_edge_collections, new_value=false, source=unknown"}
{"logTime": "0930/040106", "level": "INFO", "message": "Preference changed: name=resolve_navigation_errors_use_web_service.enabled, new_value=false, source=unknown"}
{"logTime": "0930/040106", "level": "INFO", "message": "Preference changed: name=alternate_error_pages.enabled, new_value=false, source=unknown"}
{"logTime": "0930/040106", "level": "INFO", "message": "Preference changed: name=optimization_guide.previously_registered_optimization_types, new_value=[object], source=unknown"}
{"logTime": "0930/040106", "level": "INFO", "message": "Preference changed: name=in_product_help.session_last_active_time, new_value=\"13435214466543111\", source=unknown"}
{"logTime": "0930/040106", "level": "INFO", "message": "Preference changed: name=optimization_guide.previously_registered_optimization_types, new_value=[object], source=unknown"}
{"logTime": "0930/040106", "level": "INFO", "message": "Preference changed: name=profile.content_settings.exceptions.storage_access_header_origin_trial, new_value=[object], source=unknown"}
{"logTime": "0930/040106", "level": "INFO", "message": "Preference changed: name=edge_rewards.coachmark_promotions, new_value=[object], source=unknown"}
{"logTime": "0930/040106", "level": "INFO", "message": "Preference changed: name=edge_rewards.hva_promotions, new_value=[object], source=unknown"}
{"logTime": "0930/040115", "level": "INFO", "message": "Preference changed: name=profile.observed_session_time, new_value=[object], source=unknown"}
{"logTime": "0930/040116", "level": "INFO", "message": "PrefStore write completed: store=4, success=true"}
{"logTime": "0930/040116", "level": "INFO", "message": "PrefStore write completed: store=4, success=true"}
{"logTime": "0930/040116", "level": "INFO", "message": "Preference changed: name=language_dwell_time_average, new_value=[object], source=unknown"}
{"logTime": "0930/040116", "level": "INFO", "message": "Preference changed: name=language_usage_count, new_value=[object], source=unknown"}
{"logTime": "0930/040116", "level": "INFO", "message": "Preference changed: name=language_model_counters, new_value=[object], source=unknown"}
{"logTime": "0930/040126", "level": "INFO", "message": "PrefStore write completed: store=4, success=true"}
{"logTime": "0930/040126", "level": "INFO", "message": "Preference changed: name=profile.content_settings.exceptions.site_engagement, new_value=[object], source=unknown"}
{"logTime": "0930/040126", "level": "INFO", "message": "Preference changed: name=profile.last_engagement_time, new_value=\"13435214486654228\", source=unknown"}
{"logTime": "0930/040144", "level": "INFO", "message": "Preference changed: name=profile.content_settings.exceptions.site_engagement, new_value=[object], source=unknown"}
{"logTime": "0930/040144", "level": "INFO", "message": "Preference changed: name=profile.last_engagement_time, new_value=\"13435214504279407\", source=unknown"}
{"logTime": "0930/040154", "level": "INFO", "message": "Preference changed: name=profile.content_settings.exceptions.site_engagement, new_value=[object], source=unknown"}
{"logTime": "0930/040154", "level": "INFO", "message": "Preference changed: name=profile.last_engagement_time, new_value=\"13435214514863872\", source=unknown"}
{"logTime": "0930/040205", "level": "INFO", "message": "Preference changed: name=profile.content_settings.exceptions.site_engagement, new_value=[object], source=unknown"}
{"logTime": "0930/040205", "level": "INFO", "message": "Preference changed: name=profile.last_engagement_time, new_value=\"13435214525854159\", source=unknown"}
{"logTime": "0930/040216", "level": "INFO", "message": "Preference changed: name=profile.content_settings.exceptions.site_engagement, new_value=[object], source=unknown"}
{"logTime": "0930/040216", "level": "INFO", "message": "Preference changed: name=profile.last_engagement_time, new_value=\"13435214536496126\", source=unknown"}
{"logTime": "0930/040225", "level": "INFO", "message": "Preference changed: name=language_dwell_time_average, new_value=[object], source=unknown"}
{"logTime": "0930/040225", "level": "INFO", "message": "Preference changed: name=language_usage_count, new_value=[object], source=unknown"}
{"logTime": "0930/040225", "level": "INFO", "message": "Preference changed: name=profile.content_settings.exceptions.media_engagement, new_value=[object], source=unknown"}
{"logTime": "0930/040225", "level": "INFO", "message": "Preference changed: name=profile.observed_session_time, new_value=[object], source=unknown"}
{"logTime": "0930/040225", "level": "INFO", "message": "Preference changed: name=sessions.session_data_status, new_value=2, source=unknown"}
{"logTime": "0930/040225", "level": "INFO", "message": "Preference changed: name=sessions.session_data_status, new_value=3, source=unknown"}
{"logTime": "0930/040225", "level": "INFO", "message": "Preference changed: name=sessions.event_log, new_value=[object], source=unknown"}
{"logTime": "0930/041428", "level": "INFO", "message": "UserPrefStore loaded: error=NONE (0)"}
{"logTime": "0930/041428", "level": "INFO", "message": "Preference changed: name=optimization_guide.previously_registered_optimization_types, new_value=[object], source=unknown"}
{"logTime": "0930/041428", "level": "INFO", "message": "Preference changed: name=extensions.chrome_url_overrides, new_value=[object], source=unknown"}
{"logTime": "0930/041428", "level": "INFO", "message": "Preference changed: name=sessions.session_data_status, new_value=1, source=unknown"}
{"logTime": "0930/041428", "level": "INFO", "message": "Preference changed: name=sessions.event_log, new_value=[object], source=unknown"}
{"logTime": "0930/041428", "level": "INFO", "message": "Preference changed: name=optimization_guide.previously_registered_optimization_types, new_value=[object], source=unknown"}
{"logTime": "0930/041428", "level": "INFO", "message": "Preference changed: name=optimization_guide.previously_registered_optimization_types, new_value=[object], source=unknown"}
{"logTime": "0930/041428", "level": "INFO", "message": "Preference changed: name=optimization_guide.previously_registered_optimization_types, new_value=[object], source=unknown"}
{"logTime": "0930/041428", "level": "INFO", "message": "Preference changed: name=optimization_guide.previously_registered_optimization_types, new_value=[object], source=unknown"}
{"logTime": "0930/041428", "level": "INFO", "message": "Preference changed: name=optimization_guide.previously_registered_optimization_types, new_value=[object], source=unknown"}
{"logTime": "0930/041428", "level": "INFO", "message": "Preference changed: name=profile.network_pbs, new_value=[object], source=unknown"}
{"logTime": "0930/041428", "level": "INFO", "message": "Preference changed: name=profile.password_hash_data_list, new_value=[object], source=unknown"}
{"logTime": "0930/041428", "level": "INFO", "message": "Preference changed: name=schedule_to_flush_to_disk, new_value=\"13435215268808883\", source=unknown"}
{"logTime": "0930/041428", "level": "INFO", "message": "Preference changed: name=schedule_to_flush_to_disk, new_value=\"13435215268809850\", source=unknown"}
{"logTime": "0930/041428", "level": "INFO", "message": "Preference changed: name=edge.services.signin_scoped_device_id, new_value=\"ec5fde76-ba56-4cb1-a4c0-adf505b8f9de\", source=unknown"}
{"logTime": "0930/041428", "level": "INFO", "message": "Preference changed: name=optimization_guide.previously_registered_optimization_types, new_value=[object], source=unknown"}
{"logTime": "0930/041428", "level": "INFO", "message": "Preference changed: name=extensions.chrome_url_overrides, new_value=[object], source=unknown"}
{"logTime": "0930/041428", "level": "INFO", "message": "Preference changed: name=autofill.credit_card_enabled, new_value=false, source=unknown"}
{"logTime": "0930/041428", "level": "INFO", "message": "Preference changed: name=enable_edge_collections, new_value=false, source=unknown"}
{"logTime": "0930/041428", "level": "INFO", "message": "Preference changed: name=resolve_navigation_errors_use_web_service.enabled, new_value=false, source=unknown"}
{"logTime": "0930/041428", "level": "INFO", "message": "Preference changed: name=alternate_error_pages.enabled, new_value=false, source=unknown"}
{"logTime": "0930/041428", "level": "INFO", "message": "Preference changed: name=optimization_guide.previously_registered_optimization_types, new_value=[object], source=unknown"}
{"logTime": "0930/041428", "level": "INFO", "message": "Preference changed: name=in_product_help.session_last_active_time, new_value=\"13435215268929977\", source=unknown"}
{"logTime": "0930/041428", "level": "INFO", "message": "Preference changed: name=optimization_guide.previously_registered_optimization_types, new_value=[object], source=unknown"}
{"logTime": "0930/041428", "level": "INFO", "message": "Preference changed: name=profile.content_settings.exceptions.storage_access_header_origin_trial, new_value=[object], source=unknown"}
{"logTime": "0930/041430", "level": "INFO", "message": "Preference changed: name=edge_rewards.coachmark_promotions, new_value=[object], source=unknown"}
{"logTime": "0930/041430", "level": "INFO", "message": "Preference changed: name=edge_rewards.hva_promotions, new_value=[object], source=unknown"}
{"logTime": "0930/041438", "level": "INFO", "message": "Preference changed: name=profile.content_settings.exceptions.site_engagement, new_value=[object], source=unknown"}
{"logTime": "0930/041438", "level": "INFO", "message": "Preference changed: name=profile.last_engagement_time, new_value=\"13435215278612835\", source=unknown"}
{"logTime": "0930/041438", "level": "INFO", "message": "PrefStore write completed: store=4, success=true"}
{"logTime": "0930/041438", "level": "INFO", "message": "PrefStore write completed: store=4, success=true"}
{"logTime": "0930/041438", "level": "INFO", "message": "Preference changed: name=language_dwell_time_average, new_value=[object], source=unknown"}
{"logTime": "0930/041438", "level": "INFO", "message": "Preference changed: name=language_usage_count, new_value=[object], source=unknown"}
{"logTime": "0930/041438", "level": "INFO", "message": "Preference changed: name=language_model_counters, new_value=[object], source=unknown"}
{"logTime": "0930/041448", "level": "INFO", "message": "PrefStore write completed: store=4, success=true"}
{"logTime": "0930/041449", "level": "INFO", "message": "Preference changed: name=profile.content_settings.exceptions.site_engagement, new_value=[object], source=unknown"}
{"logTime": "0930/041449", "level": "INFO", "message": "Preference changed: name=profile.last_engagement_time, new_value=\"13435215289185630\", source=unknown"}
{"logTime": "0930/041500", "level": "INFO", "message": "Preference changed: name=profile.content_settings.exceptions.site_engagement, new_value=[object], source=unknown"}
{"logTime": "0930/041500", "level": "INFO", "message": "Preference changed: name=profile.last_engagement_time, new_value=\"13435215300518523\", source=unknown"}
{"logTime": "0930/041513", "level": "INFO", "message": "Preference changed: name=in_product_help.session_last_active_time, new_value=\"13435215304954634\", source=unknown"}
{"logTime": "0930/041528", "level": "INFO", "message": "Preference changed: name=in_product_help.session_last_active_time, new_value=\"13435215328953090\", source=unknown"}
{"logTime": "0930/041532", "level": "INFO", "message": "Preference changed: name=profile.content_settings.exceptions.site_engagement, new_value=[object], source=unknown"}
{"logTime": "0930/041532", "level": "INFO", "message": "Preference changed: name=profile.last_engagement_time, new_value=\"13435215332116618\", source=unknown"}
{"logTime": "0930/041543", "level": "INFO", "message": "Preference changed: name=in_product_help.session_last_active_time, new_value=\"13435215333967007\", source=unknown"}
{"logTime": "0930/041558", "level": "INFO", "message": "Preference changed: name=in_product_help.session_last_active_time, new_value=\"13435215358967604\", source=unknown"}
{"logTime": "0930/041559", "level": "INFO", "message": "Preference changed: name=profile.content_settings.exceptions.site_engagement, new_value=[object], source=unknown"}
{"logTime": "0930/041559", "level": "INFO", "message": "Preference changed: name=profile.last_engagement_time, new_value=\"13435215359893344\", source=unknown"}
{"logTime": "0930/041610", "level": "INFO", "message": "Preference changed: name=profile.content_settings.exceptions.site_engagement, new_value=[object], source=unknown"}
{"logTime": "0930/041610", "level": "INFO", "message": "Preference changed: name=profile.last_engagement_time, new_value=\"13435215370392559\", source=unknown"}
{"logTime": "0930/041629", "level": "INFO", "message": "Preference changed: name=profile.observed_session_time, new_value=[object], source=unknown"}
{"logTime": "0930/041639", "level": "INFO", "message": "PrefStore write completed: store=4, success=true"}
{"logTime": "0930/041714", "level": "INFO", "message": "Preference changed: name=language_dwell_time_average, new_value=[object], source=unknown"}
{"logTime": "0930/041714", "level": "INFO", "message": "Preference changed: name=language_usage_count, new_value=[object], source=unknown"}
{"logTime": "0930/041714", "level": "INFO", "message": "Preference changed: name=profile.content_settings.exceptions.media_engagement, new_value=[object], source=unknown"}
{"logTime": "0930/041714", "level": "INFO", "message": "Preference changed: name=sessions.session_data_status, new_value=2, source=unknown"}
{"logTime": "0930/041714", "level": "INFO", "message": "Preference changed: name=sessions.session_data_status, new_value=3, source=unknown"}
{"logTime": "0930/041714", "level": "INFO", "message": "Preference changed: name=sessions.event_log, new_value=[object], source=unknown"}
{"logTime": "0930/050243", "level": "INFO", "message": "UserPrefStore loaded: error=NONE (0)"}
{"logTime": "0930/050243", "level": "INFO", "message": "Preference changed: name=optimization_guide.previously_registered_optimization_types, new_value=[object], source=unknown"}
{"logTime": "0930/050243", "level": "INFO", "message": "Preference changed: name=extensions.chrome_url_overrides, new_value=[object], source=unknown"}
{"logTime": "0930/050243", "level": "INFO", "message": "Preference changed: name=sessions.session_data_status, new_value=1, source=unknown"}
{"logTime": "0930/050243", "level": "INFO", "message": "Preference changed: name=sessions.event_log, new_value=[object], source=unknown"}
{"logTime": "0930/050244", "level": "INFO", "message": "Preference changed: name=optimization_guide.previously_registered_optimization_types, new_value=[object], source=unknown"}
{"logTime": "0930/050244", "level": "INFO", "message": "Preference changed: name=optimization_guide.previously_registered_optimization_types, new_value=[object], source=unknown"}
{"logTime": "0930/050244", "level": "INFO", "message": "Preference changed: name=optimization_guide.previously_registered_optimization_types, new_value=[object], source=unknown"}
{"logTime": "0930/050244", "level": "INFO", "message": "Preference changed: name=optimization_guide.previously_registered_optimization_types, new_value=[object], source=unknown"}
{"logTime": "0930/050244", "level": "INFO", "message": "Preference changed: name=optimization_guide.previously_registered_optimization_types, new_value=[object], source=unknown"}
{"logTime": "0930/050244", "level": "INFO", "message": "Preference changed: name=profile.network_pbs, new_value=[object], source=unknown"}
{"logTime": "0930/050245", "level": "INFO", "message": "Preference changed: name=profile.password_hash_data_list, new_value=[object], source=unknown"}
{"logTime": "0930/050246", "level": "INFO", "message": "Preference changed: name=schedule_to_flush_to_disk, new_value=\"13435218166058871\", source=unknown"}
{"logTime": "0930/050246", "level": "INFO", "message": "Preference changed: name=schedule_to_flush_to_disk, new_value=\"13435218166066630\", source=unknown"}
{"logTime": "0930/050246", "level": "INFO", "message": "Preference changed: name=edge.services.signin_scoped_device_id, new_value=\"cdaf3e4d-a7d7-481b-a4de-b8edc83913ef\", source=unknown"}
{"logTime": "0930/050246", "level": "INFO", "message": "Preference changed: name=optimization_guide.previously_registered_optimization_types, new_value=[object], source=unknown"}
{"logTime": "0930/050246", "level": "INFO", "message": "Preference changed: name=extensions.chrome_url_overrides, new_value=[object], source=unknown"}
{"logTime": "0930/050246", "level": "INFO", "message": "Preference changed: name=autofill.credit_card_enabled, new_value=false, source=unknown"}
{"logTime": "0930/050246", "level": "INFO", "message": "Preference changed: name=enable_edge_collections, new_value=false, source=unknown"}
{"logTime": "0930/050246", "level": "INFO", "message": "Preference changed: name=resolve_navigation_errors_use_web_service.enabled, new_value=false, source=unknown"}
{"logTime": "0930/050246", "level": "INFO", "message": "Preference changed: name=alternate_error_pages.enabled, new_value=false, source=unknown"}
{"logTime": "0930/050246", "level": "INFO", "message": "Preference changed: name=optimization_guide.previously_registered_optimization_types, new_value=[object], source=unknown"}
{"logTime": "0930/050246", "level": "INFO", "message": "Preference changed: name=in_product_help.session_last_active_time, new_value=\"13435218166444633\", source=unknown"}
{"logTime": "0930/050246", "level": "INFO", "message": "Preference changed: name=optimization_guide.previously_registered_optimization_types, new_value=[object], source=unknown"}
{"logTime": "0930/050246", "level": "INFO", "message": "Preference changed: name=profile.content_settings.exceptions.storage_access_header_origin_trial, new_value=[object], source=unknown"}
{"logTime": "0930/050247", "level": "INFO", "message": "Preference changed: name=edge_rewards.coachmark_promotions, new_value=[object], source=unknown"}
{"logTime": "0930/050247", "level": "INFO", "message": "Preference changed: name=edge_rewards.hva_promotions, new_value=[object], source=unknown"}
{"logTime": "0930/050248", "level": "INFO", "message": "Preference changed: name=profile.content_settings.exceptions.site_engagement, new_value=[object], source=unknown"}
{"logTime": "0930/050248", "level": "INFO", "message": "Preference changed: name=profile.last_engagement_time, new_value=\"13435218168193265\", source=unknown"}
{"logTime": "0930/050248", "level": "INFO", "message": "Preference changed: name=language_model_counters, new_value=[object], source=unknown"}
{"logTime": "0930/050253", "level": "INFO", "message": "PrefStore write completed: store=4, success=true"}
{"logTime": "0930/050253", "level": "INFO", "message": "PrefStore write completed: store=4, success=true"}
{"logTime": "0930/050300", "level": "INFO", "message": "Preference changed: name=profile.content_settings.exceptions.site_engagement, new_value=[object], source=unknown"}
{"logTime": "0930/050300", "level": "INFO", "message": "Preference changed: name=profile.last_engagement_time, new_value=\"13435218180270013\", source=unknown"}
{"logTime": "0930/050316", "level": "INFO", "message": "Preference changed: name=in_product_help.session_last_active_time, new_value=\"13435218189456702\", source=unknown"}
{"logTime": "0930/050322", "level": "INFO", "message": "Preference changed: name=language_dwell_time_average, new_value=[object], source=unknown"}
{"logTime": "0930/050322", "level": "INFO", "message": "Preference changed: name=language_usage_count, new_value=[object], source=unknown"}
{"logTime": "0930/050322", "level": "INFO", "message": "Preference changed: name=profile.content_settings.exceptions.media_engagement, new_value=[object], source=unknown"}
{"logTime": "0930/050322", "level": "INFO", "message": "Preference changed: name=profile.observed_session_time, new_value=[object], source=unknown"}
{"logTime": "0930/050322", "level": "INFO", "message": "Preference changed: name=sessions.session_data_status, new_value=2, source=unknown"}
{"logTime": "0930/050322", "level": "INFO", "message": "Preference changed: name=sessions.session_data_status, new_value=3, source=unknown"}
{"logTime": "0930/050322", "level": "INFO", "message": "Preference changed: name=sessions.event_log, new_value=[object], source=unknown"}
{"logTime": "0930/052558", "level": "INFO", "message": "UserPrefStore loaded: error=NONE (0)"}
{"logTime": "0930/052558", "level": "INFO", "message": "Preference changed: name=optimization_guide.previously_registered_optimization_types, new_value=[object], source=unknown"}
{"logTime": "0930/052558", "level": "INFO", "message": "Preference changed: name=extensions.chrome_url_overrides, new_value=[object], source=unknown"}
{"logTime": "0930/052558", "level": "INFO", "message": "Preference changed: name=sessions.session_data_status, new_value=1, source=unknown"}
{"logTime": "0930/052558", "level": "INFO", "message": "Preference changed: name=sessions.event_log, new_value=[object], source=unknown"}
{"logTime": "0930/052558", "level": "INFO", "message": "Preference changed: name=optimization_guide.previously_registered_optimization_types, new_value=[object], source=unknown"}
{"logTime": "0930/052558", "level": "INFO", "message": "Preference changed: name=optimization_guide.previously_registered_optimization_types, new_value=[object], source=unknown"}
{"logTime": "0930/052558", "level": "INFO", "message": "Preference changed: name=optimization_guide.previously_registered_optimization_types, new_value=[object], source=unknown"}
{"logTime": "0930/052559", "level": "INFO", "message": "Preference changed: name=optimization_guide.previously_registered_optimization_types, new_value=[object], source=unknown"}
{"logTime": "0930/052559", "level": "INFO", "message": "Preference changed: name=optimization_guide.previously_registered_optimization_types, new_value=[object], source=unknown"}
{"logTime": "0930/052559", "level": "INFO", "message": "Preference changed: name=profile.network_pbs, new_value=[object], source=unknown"}
{"logTime": "0930/052559", "level": "INFO", "message": "Preference changed: name=profile.password_hash_data_list, new_value=[object], source=unknown"}
{"logTime": "0930/052600", "level": "INFO", "message": "Preference changed: name=schedule_to_flush_to_disk, new_value=\"13435219560666445\", source=unknown"}
{"logTime": "0930/052600", "level": "INFO", "message": "Preference changed: name=schedule_to_flush_to_disk, new_value=\"13435219560767650\", source=unknown"}
{"logTime": "0930/052600", "level": "INFO", "message": "Preference changed: name=edge.services.signin_scoped_device_id, new_value=\"43de8535-ca86-42ca-bb01-9870bd3ec309\", source=unknown"}
{"logTime": "0930/052601", "level": "INFO", "message": "Preference changed: name=optimization_guide.previously_registered_optimization_types, new_value=[object], source=unknown"}
{"logTime": "0930/052601", "level": "INFO", "message": "Preference changed: name=extensions.chrome_url_overrides, new_value=[object], source=unknown"}
{"logTime": "0930/052602", "level": "INFO", "message": "Preference changed: name=autofill.credit_card_enabled, new_value=false, source=unknown"}
{"logTime": "0930/052602", "level": "INFO", "message": "Preference changed: name=enable_edge_collections, new_value=false, source=unknown"}
{"logTime": "0930/052602", "level": "INFO", "message": "Preference changed: name=resolve_navigation_errors_use_web_service.enabled, new_value=false, source=unknown"}
{"logTime": "0930/052602", "level": "INFO", "message": "Preference changed: name=alternate_error_pages.enabled, new_value=false, source=unknown"}
{"logTime": "0930/052602", "level": "INFO", "message": "Preference changed: name=optimization_guide.previously_registered_optimization_types, new_value=[object], source=unknown"}
{"logTime": "0930/052603", "level": "INFO", "message": "Preference changed: name=in_product_help.session_last_active_time, new_value=\"13435219563953512\", source=unknown"}
{"logTime": "0930/052604", "level": "INFO", "message": "Preference changed: name=optimization_guide.previously_registered_optimization_types, new_value=[object], source=unknown"}
{"logTime": "0930/052604", "level": "INFO", "message": "Preference changed: name=profile.content_settings.exceptions.storage_access_header_origin_trial, new_value=[object], source=unknown"}
{"logTime": "0930/052604", "level": "INFO", "message": "Preference changed: name=edge_rewards.coachmark_promotions, new_value=[object], source=unknown"}
{"logTime": "0930/052604", "level": "INFO", "message": "Preference changed: name=edge_rewards.hva_promotions, new_value=[object], source=unknown"}
{"logTime": "0930/052608", "level": "INFO", "message": "PrefStore write completed: store=4, success=true"}
{"logTime": "0930/052608", "level": "INFO", "message": "PrefStore write completed: store=4, success=true"}
{"logTime": "0930/052613", "level": "INFO", "message": "Preference changed: name=language_dwell_time_average, new_value=[object], source=unknown"}
{"logTime": "0930/052613", "level": "INFO", "message": "Preference changed: name=language_usage_count, new_value=[object], source=unknown"}
{"logTime": "0930/052613", "level": "INFO", "message": "Preference changed: name=language_model_counters, new_value=[object], source=unknown"}
{"logTime": "0930/052618", "level": "INFO", "message": "Preference changed: name=in_product_help.session_last_active_time, new_value=\"13435219578962712\", source=unknown"}
{"logTime": "0930/052623", "level": "INFO", "message": "PrefStore write completed: store=4, success=true"}
{"logTime": "0930/052624", "level": "INFO", "message": "Preference changed: name=profile.content_settings.exceptions.site_engagement, new_value=[object], source=unknown"}
{"logTime": "0930/052624", "level": "INFO", "message": "Preference changed: name=profile.last_engagement_time, new_value=\"13435219584597869\", source=unknown"}
{"logTime": "0930/052628", "level": "INFO", "message": "Preference changed: name=spellcheck.dictionaries, new_value=[object], source=unknown"}
{"logTime": "0930/052635", "level": "INFO", "message": "Preference changed: name=profile.content_settings.exceptions.site_engagement, new_value=[object], source=unknown"}
{"logTime": "0930/052635", "level": "INFO", "message": "Preference changed: name=profile.last_engagement_time, new_value=\"13435219595970928\", source=unknown"}
{"logTime": "0930/052638", "level": "INFO", "message": "PrefStore write completed: store=4, success=true"}
{"logTime": "0930/052646", "level": "INFO", "message": "Preference changed: name=profile.observed_session_time, new_value=[object], source=unknown"}
{"logTime": "0930/052654", "level": "INFO", "message": "Preference changed: name=profile.content_settings.exceptions.site_engagement, new_value=[object], source=unknown"}
{"logTime": "0930/052654", "level": "INFO", "message": "Preference changed: name=profile.last_engagement_time, new_value=\"13435219614428952\", source=unknown"}
{"logTime": "0930/052656", "level": "INFO", "message": "PrefStore write completed: store=4, success=true"}
{"logTime": "0930/052703", "level": "INFO", "message": "Preference changed: name=in_product_help.session_last_active_time, new_value=\"13435219623985447\", source=unknown"}
{"logTime": "0930/052704", "level": "INFO", "message": "Preference changed: name=profile.content_settings.exceptions.site_engagement, new_value=[object], source=unknown"}
{"logTime": "0930/052704", "level": "INFO", "message": "Preference changed: name=profile.last_engagement_time, new_value=\"13435219624623469\", source=unknown"}
{"logTime": "0930/052715", "level": "INFO", "message": "Preference changed: name=profile.observed_session_time, new_value=[object], source=unknown"}
{"logTime": "0930/052722", "level": "INFO", "message": "Preference changed: name=profile.observed_session_time, new_value=[object], source=unknown"}
{"logTime": "0930/052725", "level": "INFO", "message": "PrefStore write completed: store=4, success=true"}
{"logTime": "0930/053244", "level": "INFO", "message": "Preference changed: name=language_dwell_time_average, new_value=[object], source=unknown"}
{"logTime": "0930/053244", "level": "INFO", "message": "Preference changed: name=language_usage_count, new_value=[object], source=unknown"}
{"logTime": "0930/053244", "level": "INFO", "message": "Preference changed: name=profile.content_settings.exceptions.media_engagement, new_value=[object], source=unknown"}
{"logTime": "0930/053244", "level": "INFO", "message": "Preference changed: name=sessions.session_data_status, new_value=2, source=unknown"}
{"logTime": "0930/053244", "level": "INFO", "message": "Preference changed: name=sessions.session_data_status, new_value=3, source=unknown"}
{"logTime": "0930/053244", "level": "INFO", "message": "Preference changed: name=sessions.event_log, new_value=[object], source=unknown"}
{"logTime": "0930/053302", "level": "INFO", "message": "UserPrefStore loaded: error=NONE (0)"}
{"logTime": "0930/053302", "level": "INFO", "message": "Preference changed: name=optimization_guide.previously_registered_optimization_types, new_value=[object], source=unknown"}
{"logTime": "0930/053302", "level": "INFO", "message": "Preference changed: name=extensions.chrome_url_overrides, new_value=[object], source=unknown"}
{"logTime": "0930/053302", "level": "INFO", "message": "Preference changed: name=sessions.session_data_status, new_value=1, source=unknown"}
{"logTime": "0930/053302", "level": "INFO", "message": "Preference changed: name=sessions.event_log, new_value=[object], source=unknown"}
{"logTime": "0930/053302", "level": "INFO", "message": "Preference changed: name=optimization_guide.previously_registered_optimization_types, new_value=[object], source=unknown"}
{"logTime": "0930/053302", "level": "INFO", "message": "Preference changed: name=optimization_guide.previously_registered_optimization_types, new_value=[object], source=unknown"}
{"logTime": "0930/053302", "level": "INFO", "message": "Preference changed: name=optimization_guide.previously_registered_optimization_types, new_value=[object], source=unknown"}
{"logTime": "0930/053302", "level": "INFO", "message": "Preference changed: name=optimization_guide.previously_registered_optimization_types, new_value=[object], source=unknown"}
{"logTime": "0930/053302", "level": "INFO", "message": "Preference changed: name=optimization_guide.previously_registered_optimization_types, new_value=[object], source=unknown"}
{"logTime": "0930/053302", "level": "INFO", "message": "Preference changed: name=profile.network_pbs, new_value=[object], source=unknown"}
{"logTime": "0930/053302", "level": "INFO", "message": "Preference changed: name=profile.password_hash_data_list, new_value=[object], source=unknown"}
{"logTime": "0930/053302", "level": "INFO", "message": "Preference changed: name=schedule_to_flush_to_disk, new_value=\"13435219982584726\", source=unknown"}
{"logTime": "0930/053302", "level": "INFO", "message": "Preference changed: name=schedule_to_flush_to_disk, new_value=\"13435219982586796\", source=unknown"}
{"logTime": "0930/053302", "level": "INFO", "message": "Preference changed: name=edge.services.signin_scoped_device_id, new_value=\"a7a0adca-7fc1-4260-8cf0-8dac427584b8\", source=unknown"}
{"logTime": "0930/053302", "level": "INFO", "message": "Preference changed: name=optimization_guide.previously_registered_optimization_types, new_value=[object], source=unknown"}
{"logTime": "0930/053302", "level": "INFO", "message": "Preference changed: name=extensions.chrome_url_overrides, new_value=[object], source=unknown"}
{"logTime": "0930/053302", "level": "INFO", "message": "Preference changed: name=autofill.credit_card_enabled, new_value=false, source=unknown"}
{"logTime": "0930/053302", "level": "INFO", "message": "Preference changed: name=enable_edge_collections, new_value=false, source=unknown"}
{"logTime": "0930/053302", "level": "INFO", "message": "Preference changed: name=resolve_navigation_errors_use_web_service.enabled, new_value=false, source=unknown"}
{"logTime": "0930/053302", "level": "INFO", "message": "Preference changed: name=alternate_error_pages.enabled, new_value=false, source=unknown"}
{"logTime": "0930/053302", "level": "INFO", "message": "Preference changed: name=optimization_guide.previously_registered_optimization_types, new_value=[object], source=unknown"}
{"logTime": "0930/053304", "level": "INFO", "message": "Preference changed: name=in_product_help.session_last_active_time, new_value=\"13435219984043735\", source=unknown"}
{"logTime": "0930/053304", "level": "INFO", "message": "Preference changed: name=optimization_guide.previously_registered_optimization_types, new_value=[object], source=unknown"}
{"logTime": "0930/053304", "level": "INFO", "message": "Preference changed: name=profile.content_settings.exceptions.storage_access_header_origin_trial, new_value=[object], source=unknown"}
{"logTime": "0930/053304", "level": "INFO", "message": "Preference changed: name=edge_rewards.coachmark_promotions, new_value=[object], source=unknown"}
{"logTime": "0930/053304", "level": "INFO", "message": "Preference changed: name=edge_rewards.hva_promotions, new_value=[object], source=unknown"}
{"logTime": "0930/053312", "level": "INFO", "message": "Preference changed: name=language_dwell_time_average, new_value=[object], source=unknown"}
{"logTime": "0930/053312", "level": "INFO", "message": "Preference changed: name=language_usage_count, new_value=[object], source=unknown"}
{"logTime": "0930/053312", "level": "INFO", "message": "Preference changed: name=language_model_counters, new_value=[object], source=unknown"}
{"logTime": "0930/053312", "level": "INFO", "message": "PrefStore write completed: store=4, success=true"}
{"logTime": "0930/053312", "level": "INFO", "message": "PrefStore write completed: store=4, success=true"}
{"logTime": "0930/053324", "level": "INFO", "message": "Preference changed: name=profile.content_settings.exceptions.site_engagement, new_value=[object], source=unknown"}
{"logTime": "0930/053324", "level": "INFO", "message": "Preference changed: name=profile.last_engagement_time, new_value=\"13435220004412911\", source=unknown"}
{"logTime": "0930/053334", "level": "INFO", "message": "Preference changed: name=in_product_help.session_last_active_time, new_value=\"13435220013062329\", source=unknown"}
{"logTime": "0930/053347", "level": "INFO", "message": "Preference changed: name=profile.content_settings.exceptions.site_engagement, new_value=[object], source=unknown"}
{"logTime": "0930/053347", "level": "INFO", "message": "Preference changed: name=profile.last_engagement_time, new_value=\"13435220027877772\", source=unknown"}
{"logTime": "0930/053349", "level": "INFO", "message": "Preference changed: name=in_product_help.session_last_active_time, new_value=\"13435220029076013\", source=unknown"}
{"logTime": "0930/053355", "level": "INFO", "message": "Preference changed: name=profile.observed_session_time, new_value=[object], source=unknown"}
{"logTime": "0930/053405", "level": "INFO", "message": "PrefStore write completed: store=4, success=true"}
{"logTime": "0930/053433", "level": "INFO", "message": "Preference changed: name=profile.content_settings.exceptions.site_engagement, new_value=[object], source=unknown"}
{"logTime": "0930/053433", "level": "INFO", "message": "Preference changed: name=profile.last_engagement_time, new_value=\"13435220073576308\", source=unknown"}
{"logTime": "0930/053439", "level": "INFO", "message": "Preference changed: name=profile.observed_session_time, new_value=[object], source=unknown"}
{"logTime": "0930/053444", "level": "INFO", "message": "Preference changed: name=profile.content_settings.exceptions.site_engagement, new_value=[object], source=unknown"}
{"logTime": "0930/053444", "level": "INFO", "message": "Preference changed: name=profile.last_engagement_time, new_value=\"13435220084733162\", source=unknown"}
{"logTime": "0930/053449", "level": "INFO", "message": "PrefStore write completed: store=4, success=true"}
{"logTime": "0930/053503", "level": "INFO", "message": "Preference changed: name=profile.content_settings.exceptions.site_engagement, new_value=[object], source=unknown"}
{"logTime": "0930/053503", "level": "INFO", "message": "Preference changed: name=profile.last_engagement_time, new_value=\"13435220103004858\", source=unknown"}
{"logTime": "0930/053549", "level": "INFO", "message": "Preference changed: name=in_product_help.session_last_active_time, new_value=\"13435220148143865\", source=unknown"}
{"logTime": "0930/053557", "level": "INFO", "message": "Preference changed: name=profile.observed_session_time, new_value=[object], source=unknown"}
{"logTime": "0930/053607", "level": "INFO", "message": "PrefStore write completed: store=4, success=true"}
{"logTime": "0930/053724", "level": "INFO", "message": "Preference changed: name=profile.content_settings.exceptions.site_engagement, new_value=[object], source=unknown"}
{"logTime": "0930/053724", "level": "INFO", "message": "Preference changed: name=profile.last_engagement_time, new_value=\"13435220244651499\", source=unknown"}
{"logTime": "0930/053726", "level": "INFO", "message": "Preference changed: name=language_dwell_time_average, new_value=[object], source=unknown"}
{"logTime": "0930/053726", "level": "INFO", "message": "Preference changed: name=language_usage_count, new_value=[object], source=unknown"}
{"logTime": "0930/053726", "level": "INFO", "message": "Preference changed: name=language_model_counters, new_value=[object], source=unknown"}
{"logTime": "0930/053736", "level": "INFO", "message": "PrefStore write completed: store=4, success=true"}
{"logTime": "0930/053749", "level": "INFO", "message": "Preference changed: name=in_product_help.session_last_active_time, new_value=\"13435220268226316\", source=unknown"}
{"logTime": "0930/053759", "level": "INFO", "message": "Preference changed: name=profile.content_settings.exceptions.site_engagement, new_value=[object], source=unknown"}
{"logTime": "0930/053759", "level": "INFO", "message": "Preference changed: name=profile.last_engagement_time, new_value=\"13435220279781730\", source=unknown"}
{"logTime": "0930/053804", "level": "INFO", "message": "Preference changed: name=in_product_help.session_last_active_time, new_value=\"13435220284227636\", source=unknown"}
{"logTime": "0930/053817", "level": "INFO", "message": "Preference changed: name=profile.content_settings.exceptions.site_engagement, new_value=[object], source=unknown"}
{"logTime": "0930/053817", "level": "INFO", "message": "Preference changed: name=profile.last_engagement_time, new_value=\"13435220297048833\", source=unknown"}
{"logTime": "0930/053827", "level": "INFO", "message": "Preference changed: name=profile.content_settings.exceptions.site_engagement, new_value=[object], source=unknown"}
{"logTime": "0930/053827", "level": "INFO", "message": "Preference changed: name=profile.last_engagement_time, new_value=\"13435220307525496\", source=unknown"}
{"logTime": "0930/053838", "level": "INFO", "message": "Preference changed: name=profile.content_settings.exceptions.site_engagement, new_value=[object], source=unknown"}
{"logTime": "0930/053838", "level": "INFO", "message": "Preference changed: name=profile.last_engagement_time, new_value=\"13435220318281454\", source=unknown"}
{"logTime": "0930/053851", "level": "INFO", "message": "Preference changed: name=profile.content_settings.exceptions.site_engagement, new_value=[object], source=unknown"}
{"logTime": "0930/053851", "level": "INFO", "message": "Preference changed: name=profile.last_engagement_time, new_value=\"13435220331521322\", source=unknown"}
{"logTime": "0930/053902", "level": "INFO", "message": "Preference changed: name=profile.content_settings.exceptions.site_engagement, new_value=[object], source=unknown"}
{"logTime": "0930/053902", "level": "INFO", "message": "Preference changed: name=profile.last_engagement_time, new_value=\"13435220342341701\", source=unknown"}
{"logTime": "0930/053913", "level": "INFO", "message": "Preference changed: name=profile.content_settings.exceptions.site_engagement, new_value=[object], source=unknown"}
{"logTime": "0930/053913", "level": "INFO", "message": "Preference changed: name=profile.last_engagement_time, new_value=\"13435220353482836\", source=unknown"}
{"logTime": "0930/053916", "level": "INFO", "message": "Preference changed: name=profile.observed_session_time, new_value=[object], source=unknown"}
{"logTime": "0930/053926", "level": "INFO", "message": "PrefStore write completed: store=4, success=true"}
{"logTime": "0930/054004", "level": "INFO", "message": "Preference changed: name=profile.observed_session_time, new_value=[object], source=unknown"}
{"logTime": "0930/054014", "level": "INFO", "message": "PrefStore write completed: store=4, success=true"}
{"logTime": "0930/054027", "level": "INFO", "message": "Preference changed: name=language_dwell_time_average, new_value=[object], source=unknown"}
{"logTime": "0930/054027", "level": "INFO", "message": "Preference changed: name=language_usage_count, new_value=[object], source=unknown"}
{"logTime": "0930/054027", "level": "INFO", "message": "Preference changed: name=profile.content_settings.exceptions.media_engagement, new_value=[object], source=unknown"}
{"logTime": "0930/054027", "level": "INFO", "message": "Preference changed: name=sessions.session_data_status, new_value=2, source=unknown"}
{"logTime": "0930/054027", "level": "INFO", "message": "Preference changed: name=sessions.session_data_status, new_value=3, source=unknown"}
{"logTime": "0930/054027", "level": "INFO", "message": "Preference changed: name=sessions.event_log, new_value=[object], source=unknown"}
